question_temp_key (필수)	term_title (표시용)	term_id (선택)	term_category (표시용)	term_category_id (선택)	question_type (필수)	difficulty (필수)	question_text (필수)	explanation (선택)	text_answer (TEXT일 때 필수)	choice_1_text	choice_1_is_answer	choice_2_text	choice_2_is_answer	choice_3_text	choice_3_is_answer	choice_4_text	choice_4_is_answer	label_1_key (선택)	label_2_key (선택)	label_3_key (선택)	label_4_key (선택)
Q001	스코프(Scope)		Frontend - JavaScript	12	CHOICE	EASY	var, let, const의 스코프 특성으로 가장 올바른 설명은?	var는 함수 스코프이고 let과 const는 블록 스코프입니다. 면접에서 자주 나오는 포인트는 블록 스코프가 for, if 같은 블록 단위로 생명주기를 제한해 버그를 줄인다는 점입니다.		var는 블록 스코프이다	FALSE	var는 함수 스코프이고 let과 const는 블록 스코프이다	TRUE	let은 함수 스코프이고 const는 블록 스코프이다	FALSE	let과 const는 호이스팅이 발생하지 않는다	FALSE	frontend	javascript		
Q002	호이스팅(Hoisting)		Frontend - JavaScript	12	CHOICE	MEDIUM	호이스팅에 대한 설명으로 가장 정확한 것은?	선언이 코드 상단으로 이동하는 것처럼 보이는 현상을 호이스팅이라고 합니다. 함수 선언문은 전체가 호이스팅되지만, let과 const는 TDZ 영향으로 선언 전 접근 시 에러가 발생합니다. 실무에서는 선언 위치와 초기화 시점을 명확히 두는 습관이 중요합니다.		var는 선언과 초기화가 모두 호이스팅된다	FALSE	함수 선언문은 정의까지 호이스팅되어 호출이 가능할 수 있다	TRUE	let과 const는 호이스팅이 아예 발생하지 않는다	FALSE	호이스팅은 런타임에만 일어나며 파싱 단계와 무관하다	FALSE	frontend	javascript		
Q003	클로저(Closure)		Frontend - JavaScript	12	CHOICE	MEDIUM	클로저에 대한 설명으로 가장 올바른 것은?	클로저는 외부 함수의 실행이 끝나도 내부 함수가 외부 스코프 변수를 참조할 수 있는 특성입니다. 면접에서는 메모리 관점(참조 유지), 캡슐화 구현, 이벤트 핸들러/비동기 콜백에서의 활용을 함께 설명하는 게 좋습니다.		함수가 실행되면 지역 변수는 항상 즉시 해제된다	FALSE	내부 함수가 외부 함수 스코프의 변수를 참조할 수 있는 구조다	TRUE	클로저는 클래스에서만 사용할 수 있다	FALSE	클로저는 this 바인딩을 고정하는 기능이다	FALSE	frontend	javascript		
Q004	this		Frontend - JavaScript	12	CHOICE	MEDIUM	this 바인딩 규칙 중 가장 일반적으로 맞는 설명은?	this는 호출 방식에 따라 달라집니다. 메서드 호출, 일반 함수 호출, 생성자 호출, 명시적 바인딩(call/apply/bind) 규칙을 구분하는 것이 핵심입니다. 실무에서는 콜백으로 넘길 때 this가 깨지는 문제가 자주 발생합니다.		this는 항상 함수를 정의한 객체를 가리킨다	FALSE	this는 호출 방식에 따라 달라질 수 있다	TRUE	화살표 함수의 this는 호출 시점에 동적으로 결정된다	FALSE	strict mode에서는 this가 항상 window다	FALSE	frontend	javascript		
Q005	화살표 함수(Arrow Function)		Frontend - JavaScript	12	CHOICE	EASY	화살표 함수(arrow function)의 특징으로 올바른 것은?	화살표 함수는 자체 this를 가지지 않고 외부 스코프의 this를 그대로 사용합니다. 또한 arguments 객체가 없고, 생성자 함수로 사용할 수 없습니다. 실무에서 콜백 작성 시 this 이슈를 줄이는 데 유용합니다.		화살표 함수는 new로 인스턴스 생성이 가능하다	FALSE	화살표 함수는 자신만의 this를 바인딩하지 않는다	TRUE	화살표 함수는 함수 선언문만 가능하다	FALSE	화살표 함수는 항상 비동기 함수다	FALSE	frontend	javascript		
Q006	프로토타입(Prototype)		Frontend - JavaScript	12	CHOICE	MEDIUM	프로토타입 기반 상속에 대한 설명으로 가장 맞는 것은?	JavaScript는 프로토타입 체인을 통해 속성을 탐색합니다. 객체에 없는 프로퍼티를 접근하면 [[Prototype]] 체인을 따라 올라가며 찾습니다. 실무에서는 클래스 문법도 결국 프로토타입을 감싼 문법 설탕이라는 점을 이해하면 디버깅에 유리합니다.		클래스가 없어서 상속을 할 수 없다	FALSE	프로퍼티 탐색은 프로토타입 체인을 따라 진행된다	TRUE	프로토타입은 오직 함수에만 존재하며 객체에는 없다	FALSE	프로토타입 체인은 순환 구조가 허용된다	FALSE	frontend	javascript		
Q007	이벤트 루프(Event Loop)		Frontend - JavaScript	12	CHOICE	HARD	이벤트 루프(Event Loop) 관점에서 올바른 설명은?	JS 런타임은 콜 스택, 태스크 큐(매크로태스크), 마이크로태스크 큐 등을 통해 비동기를 처리합니다. 일반적으로 마이크로태스크(Promise then 등)가 매크로태스크(setTimeout 등)보다 우선 처리됩니다. 면접에서는 순서 예시를 함께 설명하면 좋습니다.		setTimeout 콜백은 마이크로태스크로 처리된다	FALSE	Promise then 콜백은 마이크로태스크로 처리되는 경우가 많다	TRUE	콜 스택이 비어 있어도 콜백은 동시에 실행된다	FALSE	이벤트 루프는 멀티스레드로 JS 코드를 병렬 실행한다	FALSE	frontend	javascript		
Q008	프로미스(Promise)		Frontend - JavaScript	12	CHOICE	MEDIUM	Promise 상태(state)에 대한 설명으로 올바른 것은?	Promise는 pending에서 시작해 fulfilled 또는 rejected로 한 번만 전이됩니다. 실무에서는 then 체이닝, catch 처리, finally의 사용 목적을 구분하고, 에러 전파 흐름을 이해하는 것이 중요합니다.		pending 상태는 성공 또는 실패로 전이될 수 있다	TRUE	fulfilled 상태에서 다시 pending으로 돌아갈 수 있다	FALSE	rejected 상태는 catch로 잡으면 자동으로 fulfilled가 된다	FALSE	Promise는 동기적으로만 실행된다	FALSE	frontend	javascript		
Q009	async await		Frontend - JavaScript	12	CHOICE	MEDIUM	async/await의 동작에 대한 설명으로 가장 맞는 것은?	async 함수는 항상 Promise를 반환합니다. await는 Promise가 해결될 때까지 해당 async 함수의 실행을 일시 중단하는 형태로 보이지만, 런타임 전체를 멈추는 것은 아닙니다. 실무에서는 try catch로 예외 처리 흐름을 명확히 잡는 것이 중요합니다.		async 함수는 항상 Promise를 반환한다	TRUE	await는 전체 프로그램 실행을 완전히 멈춘다	FALSE	await는 Promise가 아니면 항상 에러를 던진다	FALSE	async는 콜백 지옥을 악화시킨다	FALSE	frontend	javascript		
Q010	타입 강제 변환(Type Coercion)		Frontend - JavaScript	12	CHOICE	EASY	동등 비교에서 0 == false 가 true가 되는 주요 이유는?	이중 등호는 타입 변환을 동반하는 느슨한 비교입니다. 0과 false는 비교 과정에서 타입 강제 변환이 일어나 true가 될 수 있습니다. 실무에서는 예측 불가능한 버그를 막기 위해 === 사용을 기본으로 권장합니다.		#ERROR!	FALSE	#ERROR!	TRUE	#ERROR!	FALSE	0과 false는 절대 같을 수 없다	FALSE	frontend	javascript		
Q011	불변성(Immutability)		Frontend - JavaScript	12	CHOICE	MEDIUM	아래 중 불변(immutable) 관점에서 가장 올바른 설명은?	원시 타입(primitive)은 값 자체가 불변으로 취급되고, 객체/배열은 참조가 전달되며 내부 값은 변경 가능합니다. 실무에서는 상태 관리(React 등)에서 불변성을 지키기 위해 스프레드, 구조 분해, 또는 불변 업데이트 패턴을 사용합니다.		객체는 기본적으로 불변이라 속성을 바꿀 수 없다	FALSE	원시 타입은 값 자체가 변경되지 않는 방식으로 다뤄진다	TRUE	배열은 원시 타입이라 push가 불가능하다	FALSE	불변성은 성능을 항상 저하시킨다	FALSE	frontend	javascript		
Q012	구조 분해 할당(Destructuring)		Frontend - JavaScript	12	CHOICE	EASY	구조 분해 할당(destructuring)에 대한 설명으로 맞는 것은?	구조 분해 할당은 객체나 배열에서 필요한 값을 간결하게 추출하는 문법입니다. 실무에서는 함수 파라미터에서 옵션 객체를 받을 때 기본값과 함께 사용하면 가독성이 크게 좋아집니다.		배열 구조 분해는 키 이름으로 값을 꺼낸다	FALSE	객체 구조 분해는 프로퍼티 이름을 기준으로 값을 꺼낸다	TRUE	구조 분해는 런타임에만 가능하고 문법이 아니다	FALSE	구조 분해는 Promise에서만 사용할 수 있다	FALSE	frontend	javascript		
Q013	전개 문법과 나머지(Rest Spread)		Frontend - JavaScript	12	CHOICE	MEDIUM	스프레드 문법(Spread)과 레스트 파라미터(Rest)의 차이로 맞는 것은?	스프레드는 펼치는 용도이고, 레스트는 모으는 용도입니다. 같은 점은 점 3개 문법을 쓰지만 위치와 목적이 다릅니다. 실무에서는 배열 복사, 객체 병합, 가변 인자 처리에 매우 자주 등장합니다.		스프레드는 값을 모으고 레스트는 값을 펼친다	FALSE	스프레드는 펼치고 레스트는 모은다	TRUE	둘은 완전히 다른 기호를 사용한다	FALSE	레스트는 객체 병합에만 쓰인다	FALSE	frontend	javascript		
Q014	이벤트 버블링과 캡처링(Event Propagation)		Frontend - JavaScript	12	CHOICE	HARD	이벤트 전파(event propagation)에 대한 설명으로 올바른 것은?	DOM 이벤트는 캡처링 단계, 타깃 단계, 버블링 단계로 전파될 수 있습니다. 실무에서는 이벤트 위임(event delegation)을 위해 버블링을 활용하는 경우가 많고, 필요 시 stopPropagation으로 전파를 제어합니다.		이벤트는 항상 버블링만 존재하고 캡처링은 없다	FALSE	캡처링은 상위에서 하위로, 버블링은 하위에서 상위로 전파된다	TRUE	stopPropagation은 기본 동작을 막는 메서드다	FALSE	preventDefault는 전파를 막는 메서드다	FALSE	frontend	javascript		
Q015	CORS		Frontend - JavaScript	12	CHOICE	HARD	CORS에 대한 설명으로 가장 올바른 것은?	CORS는 브라우저가 적용하는 보안 정책과 그 완화 메커니즘입니다. 서버가 적절한 응답 헤더로 허용 여부를 알려야 하며, 특정 요청은 preflight OPTIONS가 발생합니다. 실무에서는 프론트에서 해결하는 것이 아니라 서버 설정 또는 프록시 구성으로 해결하는 경우가 많습니다.		CORS는 자바스크립트 문법 규칙이다	FALSE	CORS는 브라우저의 교차 출처 요청 제한과 관련된 정책이다	TRUE	CORS 오류는 DB 인덱스 문제로 발생한다	FALSE	CORS는 프론트에서만 헤더를 추가하면 항상 해결된다	FALSE	frontend	javascript		
Q016	실행 컨텍스트(Execution Context)		Frontend - JavaScript	12	CHOICE	MEDIUM	실행 컨텍스트(Execution Context)에 대한 설명으로 가장 올바른 것은?	실행 컨텍스트는 코드가 실행될 때 필요한 환경 정보(스코프 체인, 변수/함수 선언 정보, this 바인딩 등)를 관리하는 개념입니다. 면접에서는 “왜 호이스팅이 발생하는가”를 실행 컨텍스트 생성 과정(생성 단계/실행 단계)로 연결해 설명하면 설득력이 좋아집니다. 실무에서는 디버깅할 때 스코프/클로저/this 이슈를 추적하는 기반 개념입니다.		실행 컨텍스트는 오직 비동기 코드에서만 생성된다	FALSE	실행 컨텍스트는 스코프, this, 선언 정보 등을 관리하는 실행 환경이다	TRUE	실행 컨텍스트는 브라우저에서만 존재하고 Node.js에는 없다	FALSE	실행 컨텍스트는 DOM 트리 구조를 의미한다	FALSE	frontend	javascript		
Q017	TDZ(Temporal Dead Zone)		Frontend - JavaScript	12	CHOICE	MEDIUM	TDZ(Temporal Dead Zone)에 대한 설명으로 올바른 것은?	TDZ는 let/const로 선언된 변수가 “선언은 되었지만 초기화 전”인 구간에서 접근이 금지되는 영역을 말합니다. 이 때문에 let/const도 호이스팅은 되지만, 선언 전에 접근하면 ReferenceError가 발생합니다. 면접에서 “let은 호이스팅이 없다”라는 오해를 바로잡는 포인트로 자주 나옵니다.		let/const는 선언 전에 접근해도 undefined가 나온다	FALSE	let/const는 선언 전에 접근하면 ReferenceError가 날 수 있다	TRUE	TDZ는 var에만 적용된다	FALSE	TDZ는 Promise의 상태를 의미한다	FALSE	frontend	javascript		
Q018	원시 타입(Primitive Type)		Frontend - JavaScript	12	CHOICE	EASY	원시 타입(Primitive Type)에 해당하지 않는 것은?	원시 타입은 값 자체가 불변이며, 비교 시 값 기준으로 비교됩니다. 객체(Object)는 참조 타입이므로 원시 타입이 아닙니다. 면접에서는 “원시 vs 참조” 차이를 불변성, 메모리, 비교 방식으로 설명하면 좋습니다.		number	FALSE	string	FALSE	boolean	FALSE	object	TRUE	frontend	javascript		
Q019	얕은 복사(Shallow Copy)		Frontend - JavaScript	12	CHOICE	MEDIUM	얕은 복사(Shallow Copy)의 특징으로 가장 올바른 것은?	얕은 복사는 1-depth까지만 복사하고, 중첩 객체는 같은 참조를 공유할 수 있습니다. 스프레드나 Object.assign은 대표적인 얕은 복사 방식입니다. 실무에서 상태 업데이트 시 중첩 구조가 있을 때 얕은 복사만 하면 “예상치 못한 동시 변경” 버그가 자주 생깁니다.		중첩 객체까지 완전히 새로 복사한다	FALSE	중첩 객체 참조는 공유될 수 있다	TRUE	얕은 복사는 JSON.stringify로만 가능하다	FALSE	얕은 복사는 배열에서만 발생한다	FALSE	frontend	javascript		
Q020	깊은 복사(Deep Copy)		Frontend - JavaScript	12	CHOICE	MEDIUM	깊은 복사(Deep Copy)에 대해 가장 올바른 설명은?	깊은 복사는 중첩 구조까지 별도 객체로 복사해 참조 공유를 최소화합니다. 다만 JSON 방식은 Date, Map, Set, 함수, 순환 참조 등에서 한계가 있어 실무에서는 structuredClone(지원 환경), 라이브러리, 혹은 데이터 구조 설계를 병행합니다. 면접에서는 “왜 깊은 복사가 항상 정답이 아닌가(성능/제약)”까지 언급하면 좋습니다.		깊은 복사는 항상 성능 비용이 없다	FALSE	깊은 복사는 중첩 객체까지 새로 복사해 참조 공유를 줄인다	TRUE	깊은 복사는 var 선언으로만 가능하다	FALSE	깊은 복사는 이벤트 루프와 동일한 개념이다	FALSE	frontend	javascript		
Q021	배열 메서드(Array Methods)		Frontend - JavaScript	12	CHOICE	MEDIUM	배열 메서드 중 원본 배열을 변경(mutation)하는 것은?	push는 원본 배열에 요소를 추가하며 배열 자체를 변경합니다. map, filter, concat은 새 배열을 반환하는 비변경 메서드로 분류되는 경우가 많습니다. 실무(특히 React)에서는 불변 업데이트 때문에 mutation 메서드 사용에 주의합니다.		map	FALSE	filter	FALSE	push	TRUE	concat	FALSE	frontend	javascript		
Q022	디바운스(Debounce)		Frontend - JavaScript	12	CHOICE	HARD	디바운스(Debounce)의 올바른 설명은?	디바운스는 이벤트가 연속으로 발생할 때 “마지막 이벤트 이후 일정 시간”이 지나면 한 번만 실행되게 하는 기법입니다. 검색 입력, 리사이즈 이벤트 등에 자주 쓰이며 서버 호출을 줄여 성능과 비용을 최적화합니다. 면접에서는 쓰로틀(throttle)과 비교 설명(주기적 실행 vs 마지막 1회 실행)을 같이 하는 게 좋습니다.		일정 시간마다 무조건 실행되도록 제한한다	FALSE	마지막 이벤트 후 일정 시간이 지나면 1회 실행되게 한다	TRUE	Promise를 동기 코드로 바꾸는 기법이다	FALSE	CORS 오류를 해결하는 방식이다	FALSE	frontend	javascript		
Q023	쓰로틀(Throttle)		Frontend - JavaScript	12	CHOICE	HARD	쓰로틀(Throttle)에 대한 설명으로 올바른 것은?	쓰로틀은 일정 시간 간격으로 최대 한 번만 실행되도록 제한하는 기법입니다. 스크롤 이벤트 처리, 무한 스크롤 트리거, 실시간 UI 업데이트 등에서 활용됩니다. 실무에서는 디바운스/쓰로틀 선택이 UX에 직접 영향을 주므로 목적에 맞게 골라야 합니다.		마지막 이벤트 후 한 번만 실행되게 한다	FALSE	일정 시간 간격으로 최대 1회 실행되게 제한한다	TRUE	함수 스코프를 블록 스코프로 바꾼다	FALSE	이벤트 버블링을 막는 기능이다	FALSE	frontend	javascript		
Q024	이벤트 위임(Event Delegation)		Frontend - JavaScript	12	CHOICE	MEDIUM	DOM에서 이벤트 위임(Event Delegation)이 유용한 주된 이유는?	이벤트 위임은 상위 요소에 이벤트 리스너를 한 번만 등록하고, 버블링을 이용해 하위 요소 이벤트를 처리하는 패턴입니다. 동적 생성 요소에도 대응이 쉽고, 리스너 수를 줄여 성능/메모리 측면에서 유리합니다. 실무에서는 e.target, closest 등을 함께 사용합니다.		하위 요소마다 리스너를 무조건 개별 등록해야 한다	FALSE	동적 요소에도 대응하며 리스너 수를 줄일 수 있다	TRUE	캡처링만으로 동작한다	FALSE	preventDefault로만 구현한다	FALSE	frontend	javascript		
Q025	ES 모듈(ESM)		Frontend - JavaScript	12	CHOICE	MEDIUM	module(ESM)에서 import/export에 대한 설명으로 맞는 것은?	ESM은 정적 분석이 가능한 모듈 시스템이며, import는 최상위 레벨에서 선언적으로 작성하는 경우가 일반적입니다. 또한 export default는 모듈당 1개, named export는 여러 개가 가능합니다. 면접에서는 CommonJS(require)와의 차이(정적/동적, 트리 쉐이킹 친화성)를 함께 물을 수 있습니다.		export default는 한 모듈에서 여러 번 선언할 수 있다	FALSE	named export는 여러 개를 내보낼 수 있다	TRUE	import는 런타임에만 가능해서 번들러가 분석할 수 없다	FALSE	ESM은 Node.js에서 절대 사용할 수 없다	FALSE	frontend	javascript		
Q026	CommonJS vs ESM		Frontend - JavaScript	12	CHOICE	MEDIUM	CommonJS와 ES Module의 차이로 가장 적절한 것은?	CommonJS는 require/module.exports를 사용하며 런타임 로딩 성격이 강하고, ES Module은 import/export를 사용하며 정적 분석에 유리합니다. 이 차이는 번들 최적화(트리 쉐이킹)와 로딩 방식, 상호 운용에서 중요합니다. 실무에서는 환경(Node, bundler, type=module) 설정이 함께 따라옵니다.		CommonJS는 import/export를 기본 문법으로 쓴다	FALSE	ES Module은 정적 분석에 유리한 import/export를 사용한다	TRUE	ES Module은 항상 동기 로딩만 가능하다	FALSE	CommonJS는 브라우저에서만 동작한다	FALSE	frontend	javascript		
Q027	메모리 누수(Memory Leak)		Frontend - JavaScript	12	CHOICE	HARD	메모리 누수(memory leak)와 관련해 클로저 사용 시 주의할 점으로 적절한 것은?	클로저는 외부 스코프 변수를 참조해 생명주기를 늘릴 수 있습니다. 이벤트 리스너를 제거하지 않거나, 큰 객체를 참조한 클로저를 오래 유지하면 메모리 누수로 이어질 수 있습니다. 실무에서는 removeEventListener, 타이머 정리, 참조 해제(null 처리) 같은 정리 작업이 중요합니다.		클로저는 항상 메모리를 해제하므로 누수가 없다	FALSE	클로저가 큰 객체 참조를 오래 유지하면 누수로 이어질 수 있다	TRUE	메모리 누수는 오직 C/C++에서만 발생한다	FALSE	removeEventListener는 성능과 무관하다	FALSE	frontend	javascript		
Q028	NaN		Frontend - JavaScript	12	CHOICE	MEDIUM	NaN(Not a Number)에 대한 설명으로 올바른 것은?	NaN은 숫자가 아닌 값을 나타내는 특수 값이며, 자기 자신과도 같지 않다는 특징이 있습니다(NaN === NaN은 false). 실무에서는 Number.isNaN을 사용해 정확히 판별하는 습관이 중요합니다. isNaN은 타입 강제 변환이 있어 함정이 될 수 있습니다.		NaN === NaN 은 true다	FALSE	NaN은 자기 자신과도 같지 않다	TRUE	NaN은 문자열 타입이다	FALSE	NaN은 null과 동일하다	FALSE	frontend	javascript		
Q029	setTimeout		Frontend - JavaScript	12	CHOICE	MEDIUM	setTimeout(fn, 0) 의 의미로 가장 적절한 것은?	0ms라도 “즉시 실행”이 아니라, 현재 콜 스택이 비고 태스크 큐에서 꺼낼 차례가 되었을 때 실행됩니다. 따라서 동기 코드가 길면 지연될 수 있습니다. 면접에서는 이벤트 루프와 함께 콜 스택/큐 개념을 묻는 단골 질문입니다.		setTimeout 0은 동기적으로 즉시 실행된다	FALSE	현재 콜 스택이 비면 이후 태스크로 실행될 수 있다	TRUE	setTimeout 0은 마이크로태스크로 실행된다	FALSE	setTimeout은 Promise보다 우선 실행된다	FALSE	frontend	javascript		
Q030	Strict Mode		Frontend - JavaScript	12	CHOICE	MEDIUM	strict mode("use strict")의 효과로 올바른 것은?	strict mode는 더 엄격한 문법/런타임 규칙을 적용해 잠재 버그를 줄입니다. 대표적으로 선언 없는 변수 할당 금지, 일부 this 바인딩 변화, 중복 파라미터 금지 등이 있습니다. 실무에서는 모듈(ESM)은 기본적으로 strict로 동작하는 점도 함께 알아두면 좋습니다.		선언 없이 변수에 할당해도 자동으로 전역 변수가 된다	FALSE	엄격한 규칙을 적용해 일부 오류를 더 빨리 드러나게 한다	TRUE	strict mode는 CORS를 비활성화한다	FALSE	strict mode는 비동기 코드를 동기로 바꾼다	FALSE	frontend	javascript		
Q031	Map		Frontend - JavaScript	12	CHOICE	MEDIUM	Map과 Object의 차이로 가장 적절한 것은?	Map은 키로 모든 타입을 사용할 수 있고, 삽입 순서를 유지하며 size를 제공합니다. Object는 문자열/심볼 키 중심이며 프로토타입 체인 영향이 있을 수 있습니다. 실무에서는 빈번한 추가/삭제, 키 타입 다양성이 필요하면 Map이 유리합니다.		Map의 키는 문자열만 가능하다	FALSE	Map은 키로 객체 등 다양한 타입을 사용할 수 있다	TRUE	Map은 순서를 보장하지 않는다	FALSE	Object는 size 프로퍼티로 항상 길이를 제공한다	FALSE	frontend	javascript		
Q032	Set		Frontend - JavaScript	12	CHOICE	MEDIUM	Set의 특성으로 올바른 것은?	Set은 중복을 허용하지 않는 컬렉션입니다. 배열 중복 제거, 유니크 값 관리 등에 자주 사용됩니다. 실무에서는 Set을 배열로 다시 바꾸거나, 교집합/차집합 같은 연산을 구현해 쓰는 패턴도 자주 나옵니다.		Set은 동일한 값을 여러 번 저장할 수 있다	FALSE	Set은 중복을 허용하지 않는다	TRUE	Set은 키-값 쌍을 저장한다	FALSE	Set은 오직 문자열만 저장할 수 있다	FALSE	frontend	javascript		
Q033	제너레이터(Generator)		Frontend - JavaScript	12	CHOICE	HARD	제너레이터(Generator)에 대한 설명으로 가장 올바른 것은?	제너레이터 함수는 function* 로 선언하고, next()로 실행을 제어하며 yield로 값을 단계적으로 반환합니다. 이터러블/이터레이터 프로토콜과 연결되며, 지연 평가(lazy evaluation)나 커스텀 반복 로직에 유용합니다. 면접에서는 “이터레이터 프로토콜”과 함께 묶어서 출제되기 좋습니다.		제너레이터는 한 번 호출하면 중간에 멈출 수 없다	FALSE	yield로 실행을 중단하고 next로 재개할 수 있다	TRUE	제너레이터는 Promise의 별칭이다	FALSE	제너레이터는 DOM 전용 기능이다	FALSE	frontend	javascript		
Q034	이터러블과 이터레이터(Iterable, Iterator)		Frontend - JavaScript	12	CHOICE	HARD	이터러블(Iterable)과 이터레이터(Iterator)에 대한 설명으로 맞는 것은?	이터러블은 Symbol.iterator 메서드를 갖고, 이 메서드가 이터레이터를 반환합니다. 이터레이터는 next()를 통해 {value, done} 형태로 순회 상태를 제공합니다. 실무에서는 for...of, spread, 구조 분해 등 많은 문법이 이 프로토콜 위에 올라가 있습니다.		이터러블은 next 메서드를 반드시 가져야 한다	FALSE	이터레이터는 next()로 {value, done}를 반환한다	TRUE	배열은 이터러블이 아니다	FALSE	for...in은 이터러블 프로토콜을 사용한다	FALSE	frontend	javascript		
Q035	널과 언디파인드(Null, Undefined)		Frontend - JavaScript	12	CHOICE	EASY	undefined와 null 중, 선언은 되었지만 값이 할당되지 않은 상태를 의미하는 것은?	undefined는 변수가 선언만 되고 값이 할당되지 않았거나, 존재하지 않는 프로퍼티 접근 등에서 자주 등장합니다. null은 개발자가 의도적으로 비어있음을 표현할 때 사용하는 값이라는 점이 면접 포인트입니다. 실무에서는 API 응답에서 null과 undefined를 구분해 기본값 처리 로직을 짜는 경우가 많습니다.		null	FALSE	undefined	TRUE	0	FALSE	NaN	FALSE	frontend	javascript		
Q036	typeof 연산자(Typeof Operator)		Frontend - JavaScript	12	CHOICE	EASY	typeof null의 결과로 올바른 것은?	typeof null이 object로 나오는 것은 자바스크립트의 오래된 설계 이슈로 유명한 단골 질문입니다. 면접에서는 null 체크는 typeof가 아니라 값 비교(null 또는 == null 패턴 등)로 한다는 실무 관점까지 말하면 좋습니다. 특히 데이터 검증 로직에서 null을 객체로 착각하면 버그가 날 수 있습니다.		null	FALSE	object	TRUE	undefined	FALSE	number	FALSE	frontend	javascript		
Q037	템플릿 리터럴(Template Literal)		Frontend - JavaScript	12	CHOICE	EASY	템플릿 리터럴(Template Literal)의 특징으로 올바른 것은?	템플릿 리터럴은 백틱을 사용하고 달러 중괄호로 표현식을 삽입할 수 있습니다. 문자열 결합 가독성이 좋아서 로그 메시지, UI 문자열 생성 등에 자주 쓰입니다. 면접에서는 작은 예시를 곁들여 설명하면 이해도가 확 올라갑니다.		문자열 안에 달러중괄호로 표현식을 삽입할 수 있다	TRUE	문자열을 만들 때 반드시 큰따옴표만 사용해야 한다	FALSE	템플릿 리터럴은 var에서만 동작한다	FALSE	템플릿 리터럴은 비동기 함수에서만 사용 가능하다	FALSE	frontend	javascript		
Q038	기본 매개변수(Default Parameter)		Frontend - JavaScript	12	CHOICE	EASY	기본 매개변수(Default Parameter)에 대한 설명으로 맞는 것은?	기본 매개변수는 인자가 전달되지 않았을 때 사용할 기본값을 함수 선언부에서 지정하는 문법입니다. 실무에서는 옵션 객체 처리나, undefined 입력에 대한 방어 코드에서 자주 활용됩니다. 면접에서는 인자를 안 넘기면 기본값이라는 핵심을 정확히 말하면 됩니다.		인자를 생략하면 함수 선언부의 기본값이 사용될 수 있다	TRUE	기본 매개변수는 오직 화살표 함수에서만 가능하다	FALSE	기본 매개변수를 쓰면 호이스팅이 사라진다	FALSE	기본 매개변수는 Promise를 반환하게 만든다	FALSE	frontend	javascript		
Q039	Truthy와 Falsy(Truthy, Falsy)		Frontend - JavaScript	12	CHOICE	EASY	다음 중 falsy 값인 것은?	falsy는 조건문에서 false로 평가되는 값들을 말합니다. 대표적으로 false, 0, 빈 문자열, null, undefined, NaN이 있습니다. 면접에서는 0과 빈 문자열도 falsy라는 포인트를 자주 묻고, 실무에서는 OR 대신 널 병합을 쓰는 이유로도 연결됩니다.		0	TRUE	0 문자열	FALSE	빈 배열	FALSE	빈 객체	FALSE	frontend	javascript		
Q040	parseInt		Frontend - JavaScript	12	CHOICE	EASY	parseInt(10px, 10)의 결과로 올바른 것은?	parseInt는 문자열 앞부분에서 숫자로 해석 가능한 구간까지만 파싱합니다. 반면 Number(10px)는 전체가 숫자로 변환 가능해야 해서 NaN이 됩니다. 면접에서는 parseInt에 radix(진수)를 명시하는 습관까지 같이 말하면 좋습니다.		10	TRUE	NaN	FALSE	10px	FALSE	에러가 발생한다	FALSE	frontend	javascript		
Q041	Array.isArray		Frontend - JavaScript	12	CHOICE	EASY	배열인지 정확히 판별할 때 가장 권장되는 방법은?	배열은 typeof로 검사하면 object가 나오기 때문에 정확한 판별이 어렵습니다. Array.isArray는 배열 여부를 확실히 판단하는 표준 방법입니다. 실무에서는 API 응답 검증이나 유틸 함수에서 매우 자주 등장합니다.		typeof value === array	FALSE	value instanceof String	FALSE	Array.isArray(value)	TRUE	value == 빈배열	FALSE	frontend	javascript		
Q042	JSON 파싱(JSON.parse)		Frontend - JavaScript	12	CHOICE	EASY	JSON 문자열을 자바스크립트 객체로 변환하는 메서드는?	JSON.parse는 문자열을 객체로 변환하고, JSON.stringify는 객체를 문자열로 변환합니다. 면접에서는 직렬화와 역직렬화 관점으로 연결하기 좋습니다. 실무에서는 네트워크 통신, 로컬 저장소 저장, 로그 기록 등에서 항상 등장합니다.		JSON.stringify	FALSE	JSON.parse	TRUE	Object.toJSON	FALSE	JSON.toObject	FALSE	frontend	javascript		
Q043	const와 객체 변경(Const and Object Mutation)		Frontend - JavaScript	12	CHOICE	EASY	const로 선언된 객체에 대한 설명으로 올바른 것은?	const는 변수 재할당을 막는 것이지, 객체 내부 프로퍼티 변경까지 막는 것은 아닙니다. 면접에서 자주 나오는 함정 포인트이고, 실무에서는 불변 업데이트를 위해 Object.freeze 또는 복사 패턴을 함께 사용합니다.		const로 선언한 객체는 프로퍼티 변경도 불가능하다	FALSE	const로 선언한 객체는 재할당만 막고 프로퍼티 변경은 가능할 수 있다	TRUE	const는 함수 스코프다	FALSE	const는 TDZ가 없다	FALSE	frontend	javascript		
Q044	예외 처리(Try Catch)		Frontend - JavaScript	12	CHOICE	EASY	try catch의 역할로 가장 올바른 것은?	try catch는 예외(에러)를 잡아 프로그램이 즉시 중단되는 것을 방지하고, 대체 흐름을 만들 수 있게 합니다. 실무에서는 사용자 입력 처리, JSON.parse 같은 실패 가능 구간, 네트워크 호출의 에러 처리에서 중요합니다. 면접에서는 에러를 잡아서 로깅하고 대응한다까지 말하면 좋습니다.		에러가 발생해도 catch에서 처리할 수 있게 한다	TRUE	비동기 코드를 동기로 바꾼다	FALSE	CORS를 해결한다	FALSE	프로토타입 체인을 끊는다	FALSE	frontend	javascript		
Q045	for...of와 for...in(For Of, For In)		Frontend - JavaScript	12	CHOICE	EASY	배열의 값들을 순회할 때 일반적으로 더 적절한 반복문은?	for...of는 이터러블의 값을 순회하고, for...in은 객체의 키(프로퍼티 이름)를 순회하는 데 더 적합합니다. 면접에서는 배열에 for...in을 쓰면 예상치 못한 프로퍼티까지 순회할 수 있다는 주의점이 포인트입니다.		for...in	FALSE	for...of	TRUE	while...in	FALSE	for...let	FALSE	frontend	javascript		
Q046	String.includes		Frontend - JavaScript	12	CHOICE	EASY	문자열에 특정 부분 문자열이 포함되어 있는지 확인하는 메서드는?	String.includes는 부분 문자열 포함 여부를 boolean으로 반환합니다. 실무에서는 검색 필터, 입력 검증, 간단한 파싱에 자주 쓰입니다. 면접에서는 indexOf와 비교해 더 직관적이라는 포인트도 좋습니다.		includes	TRUE	contains	FALSE	has	FALSE	matchAll	FALSE	frontend	javascript		
Q047	Array.find		Frontend - JavaScript	12	CHOICE	EASY	Array.find의 반환값 설명으로 올바른 것은?	find는 조건을 만족하는 첫 번째 요소를 반환하고, 없으면 undefined를 반환합니다. filter와 헷갈리는 질문이 자주 나오는데, filter는 여러 개를 배열로 반환합니다. 실무에서는 단일 아이템 검색에 유용합니다.		조건을 만족하는 첫 요소를 반환하고 없으면 undefined를 반환한다	TRUE	조건을 만족하는 모든 요소를 새 배열로 반환한다	FALSE	항상 인덱스를 반환한다	FALSE	원본 배열을 정렬한다	FALSE	frontend	javascript		
Q048	Array.filter		Frontend - JavaScript	12	CHOICE	EASY	Array.filter의 동작으로 가장 올바른 것은?	filter는 조건을 만족하는 요소들로 새 배열을 만들어 반환하는 메서드입니다. 원본 배열을 직접 변경하지 않는 점이 실무에서 중요합니다. 면접에서는 map, find와 함께 용도 차이를 구분해 설명하면 좋습니다.		조건을 만족하는 요소들로 새 배열을 반환한다	TRUE	첫 번째 요소만 반환한다	FALSE	원본 배열을 무조건 비운다	FALSE	배열을 문자열로 변환한다	FALSE	frontend	javascript		
Q049	삼항 연산자(Ternary Operator)		Frontend - JavaScript	12	CHOICE	EASY	삼항 연산자(conditional operator)의 형태로 올바른 것은?	삼항 연산자는 간단한 조건 분기를 한 줄로 표현할 때 씁니다. 실무에서는 너무 복잡하게 중첩하면 가독성이 떨어져 코드 리뷰에서 지적될 수 있으니, 단순한 분기에서만 사용하는 것이 포인트입니다.		condition ? valueIfTrue : valueIfFalse	TRUE	condition : valueIfTrue ? valueIfFalse	FALSE	condition ?? valueIfTrue : valueIfFalse	FALSE	condition && valueIfTrue && valueIfFalse	FALSE	frontend	javascript		
Q050	setInterval		Frontend - JavaScript	12	CHOICE	EASY	일정 시간 간격마다 반복 실행되는 타이머 함수는?	setInterval은 지정한 간격마다 콜백을 반복 실행합니다. setTimeout은 한 번만 실행됩니다. 실무에서는 컴포넌트 언마운트 시 clearInterval로 정리하는 패턴도 함께 중요합니다.		setTimeout	FALSE	setInterval	TRUE	Promise.then	FALSE	requestAnimationFrameOnly	FALSE	frontend	javascript		
Q051	localStorage		Frontend - JavaScript	12	CHOICE	EASY	localStorage에 대한 설명으로 올바른 것은?	localStorage는 브라우저에 문자열 형태로 데이터를 저장하며, 보통 브라우저를 닫아도 유지됩니다. 실무에서는 토큰 저장은 보안 이슈가 있을 수 있어 주의해야 하고, 용량 제한 및 동기 API라는 점도 알아두면 좋습니다. 면접에서는 sessionStorage와의 차이로도 확장됩니다.		브라우저에 문자열 데이터를 저장하고 보통 종료 후에도 유지된다	TRUE	서버 DB에 자동으로 저장된다	FALSE	저장할 때 객체를 그대로 넣을 수 있다	FALSE	탭을 새로 열면 무조건 공유되지 않는다	FALSE	frontend	javascript		
Q052	querySelector		Frontend - JavaScript	12	CHOICE	EASY	document.querySelector의 동작으로 올바른 것은?	querySelector는 CSS 선택자를 받아 첫 번째로 매칭되는 요소를 반환합니다. 매칭이 없으면 null이 반환되어, 실무에서는 null 체크 후 접근해야 안전합니다. 면접에서는 querySelectorAll과의 차이(단일 vs NodeList)로도 연결됩니다.		조건에 맞는 첫 번째 요소를 반환하고 없으면 null을 반환할 수 있다	TRUE	조건에 맞는 모든 요소를 배열로 반환한다	FALSE	DOM을 JSON으로 변환한다	FALSE	이벤트 전파를 중단한다	FALSE	frontend	javascript		
Q053	preventDefault		Frontend - JavaScript	12	CHOICE	EASY	event.preventDefault의 역할로 가장 올바른 것은?	preventDefault는 링크 이동, 폼 제출 같은 브라우저 기본 동작을 막습니다. stopPropagation은 전파를 막는 것이고, 둘을 헷갈리는 질문이 면접에서 자주 나옵니다. 실무에서는 SPA 라우팅, 커스텀 폼 처리에서 핵심입니다.		브라우저 기본 동작을 막는다	TRUE	이벤트 전파를 막는다	FALSE	비동기 처리를 동기로 만든다	FALSE	CORS를 비활성화한다	FALSE	frontend	javascript		
Q054	let과 var 차이(Let vs Var)		Frontend - JavaScript	12	CHOICE	EASY	let과 var의 차이 중 올바른 설명은?	var는 같은 스코프에서 중복 선언이 가능해 실수로 변수 덮어쓰기가 생기기 쉽습니다. let은 같은 스코프에서 재선언이 불가능해 안전성이 높습니다. 면접에서는 블록 스코프와 함께 묶어서 자주 물어봅니다.		var는 같은 스코프에서 재선언이 불가능하다	FALSE	let은 같은 스코프에서 재선언이 불가능하다	TRUE	let은 함수 스코프다	FALSE	var는 블록 스코프다	FALSE	frontend	javascript		
Q055	Array.push		Frontend - JavaScript	12	CHOICE	EASY	배열에 요소를 추가하는 push 메서드의 반환값은?	push는 배열 끝에 요소를 추가하고, 추가된 뒤의 배열 길이를 반환합니다. 실무에서는 반환값을 길이로 활용할 수도 있지만, 상태 관리에서는 원본 변경에 주의가 필요합니다. 면접에서는 기본 동작을 정확히 아는지 확인하는 질문으로 자주 나옵니다.		추가된 요소	FALSE	추가된 뒤의 배열 길이	TRUE	삭제된 요소	FALSE	boolean 값	FALSE	frontend	javascript		
Q056	Array.pop		Frontend - JavaScript	12	CHOICE	EASY	배열에서 마지막 요소를 제거하는 pop 메서드의 반환값은?	pop은 배열의 마지막 요소를 제거하고 그 제거된 요소를 반환합니다. 원본 배열을 변경하는 메서드라서 React 같은 환경에서는 사용 위치를 신중히 정해야 합니다. 면접에서는 push와 짝으로 자주 출제됩니다.		제거된 마지막 요소	TRUE	제거된 뒤의 배열 길이	FALSE	새로 생성된 배열	FALSE	undefined만 반환한다	FALSE	frontend	javascript		
Q057	String.length		Frontend - JavaScript	12	CHOICE	EASY	문자열의 길이를 구할 때 사용하는 프로퍼티는?	문자열은 length 프로퍼티로 길이를 확인합니다. 실무에서는 입력값 검증이나 UI 표시 제한 같은 곳에서 자주 쓰입니다. 면접에서는 메서드가 아니라 프로퍼티라는 점을 헷갈리지 않는지가 포인트입니다.		size	FALSE	length	TRUE	count	FALSE	len	FALSE	frontend	javascript		
Q058	Math.random		Frontend - JavaScript	12	CHOICE	EASY	Math.random이 반환하는 값의 범위로 올바른 것은?	Math.random은 0 이상 1 미만의 실수를 반환합니다. 실무에서 정수 범위 난수로 바꿀 때는 곱하기와 Math.floor 조합을 많이 사용합니다. 면접에서는 범위를 정확히 아는지 확인하는 단골 질문입니다.		0 이상 1 미만	TRUE	1 이상 2 미만	FALSE	-1 이상 0 미만	FALSE	0과 1만 반환	FALSE	frontend	javascript		
Q059	NaN 판별(Number.isNaN)		Frontend - JavaScript	12	CHOICE	EASY	NaN을 더 정확하게 판별할 때 권장되는 방식은?	전역 isNaN은 내부적으로 타입 변환을 하므로 함정이 생길 수 있습니다. Number.isNaN은 타입 변환 없이 진짜 NaN인지 판별하는 데 더 안전합니다. 실무에서는 데이터 검증에서 이 차이가 버그를 줄입니다.		isNaN(value)만 사용해야 한다	FALSE	Number.isNaN(value)를 쓰는 편이 더 안전하다	TRUE	value === NaN으로 비교하면 된다	FALSE	NaN은 항상 문자열이다	FALSE	frontend	javascript		
Q060	Array.indexOf		Frontend - JavaScript	12	CHOICE	EASY	Array.indexOf에서 값이 없을 때 반환되는 값은?	indexOf는 찾는 값이 없으면 -1을 반환합니다. 실무에서는 조건문에서 -1 체크를 자주 하고, 더 직관적인 includes를 쓰는 경우도 많습니다. 면접에서는 문자열 indexOf와 함께 나올 수 있습니다.		0	FALSE	-1	TRUE	null	FALSE	undefined	FALSE	frontend	javascript		
Q061	Array.includes		Frontend - JavaScript	12	CHOICE	EASY	Array.includes의 반환값으로 올바른 것은?	includes는 배열에 특정 값이 포함되어 있는지 boolean으로 반환합니다. indexOf처럼 -1 비교를 하지 않아도 되어 가독성이 좋습니다. 실무에서는 조건 분기나 필터링 로직에서 자주 활용됩니다.		포함 여부를 boolean으로 반환한다	TRUE	포함된 요소의 인덱스를 반환한다	FALSE	항상 새 배열을 반환한다	FALSE	원본 배열을 정렬한다	FALSE	frontend	javascript		
Q062	Object.keys		Frontend - JavaScript	12	CHOICE	EASY	객체의 키 목록을 배열로 얻는 표준 메서드는?	Object.keys는 열거 가능한 키들을 배열로 반환합니다. 실무에서는 객체를 순회하거나 키 기반으로 로직을 만들 때 자주 사용됩니다. 면접에서는 Object.values, Object.entries와 함께 묻기도 합니다.		Object.keys(obj)	TRUE	obj.keys()	FALSE	Object.get(obj)	FALSE	keys(obj)	FALSE	frontend	javascript		
Q063	JSON 문자열화(JSON.stringify)		Frontend - JavaScript	12	CHOICE	EASY	자바스크립트 객체를 JSON 문자열로 변환하는 메서드는?	JSON.stringify는 객체를 문자열로 직렬화하는 데 사용됩니다. 실무에서는 로컬 저장소 저장, 네트워크 전송, 로그 기록 같은 상황에서 자주 등장합니다. 면접에서는 JSON.parse와 반대 관계로 묶어서 많이 나옵니다.		JSON.parse	FALSE	JSON.stringify	TRUE	Object.parse	FALSE	String.toJSON	FALSE	frontend	javascript		
Q064	event.target		Frontend - JavaScript	12	CHOICE	EASY	이벤트 핸들러에서 event.target의 의미로 가장 올바른 것은?	event.target은 실제로 이벤트가 발생한 요소를 가리킵니다. 이벤트 위임 패턴에서 어떤 하위 요소가 클릭됐는지 판별할 때 핵심입니다. 실무에서는 closest와 함께 자주 사용합니다.		이벤트 리스너가 등록된 요소	FALSE	실제 이벤트가 발생한 요소	TRUE	window 객체	FALSE	항상 document를 가리킨다	FALSE	frontend	javascript		
Q065	event.currentTarget		Frontend - JavaScript	12	CHOICE	EASY	이벤트 핸들러에서 event.currentTarget의 의미로 올바른 것은?	event.currentTarget은 이벤트 리스너가 실제로 붙어 있는 요소를 가리킵니다. target과 달리 위임 상황에서도 현재 리스너의 주체를 알려줍니다. 면접에서는 target과의 차이를 정확히 구분하는지가 포인트입니다.		실제 이벤트가 발생한 요소	FALSE	이벤트 리스너가 등록된 요소	TRUE	무조건 body 요소	FALSE	undefined가 항상 나온다	FALSE	frontend	javascript		
Q066	textContent와 innerHTML(TextContent vs InnerHTML)		Frontend - JavaScript	12	CHOICE	EASY	요소의 텍스트만 안전하게 바꿀 때 더 적절한 속성은?	textContent는 텍스트로만 처리되어 스크립트 실행 위험이 낮습니다. innerHTML은 HTML을 파싱하므로 외부 입력을 그대로 넣으면 XSS 같은 보안 문제가 생길 수 있습니다. 실무에서는 사용자 입력을 출력할 때 textContent를 우선 고려합니다.		innerHTML	FALSE	textContent	TRUE	outerHTML	FALSE	nodeValue만 사용해야 한다	FALSE	frontend	javascript		
Q067	classList.toggle		Frontend - JavaScript	12	CHOICE	EASY	classList.toggle의 동작으로 올바른 것은?	toggle은 클래스가 있으면 제거하고, 없으면 추가합니다. 실무에서 활성화 상태 표시, 다크 모드 토글, 메뉴 열기 닫기 같은 UI에 매우 자주 사용됩니다. 면접에서는 add, remove와 함께 기본 API를 아는지 확인합니다.		클래스를 무조건 추가만 한다	FALSE	있으면 제거하고 없으면 추가한다	TRUE	모든 클래스를 초기화한다	FALSE	이벤트 전파를 막는다	FALSE	frontend	javascript		
Q068	참조 타입(Reference Type)		Frontend - JavaScript	12	CHOICE	EASY	객체를 다른 변수에 대입했을 때 기본적으로 일어나는 것은?	객체는 값이 아니라 참조가 복사됩니다. 그래서 한 변수를 통해 프로퍼티를 변경하면 다른 변수에서도 같은 변경이 보일 수 있습니다. 실무에서는 얕은 복사나 불변 업데이트 패턴으로 이 문제를 관리합니다.		값이 완전히 복사된다	FALSE	참조가 복사되어 같은 객체를 가리킬 수 있다	TRUE	자동으로 깊은 복사가 된다	FALSE	항상 에러가 발생한다	FALSE	frontend	javascript		
Q069	Object.is		Frontend - JavaScript	12	CHOICE	EASY	Object.is(NaN, NaN)의 결과로 올바른 것은?	NaN은 일반 비교로는 자기 자신과 같지 않지만, Object.is는 더 엄격한 동일성 비교를 제공합니다. 실무에서는 NaN 비교나 -0 처리 같은 특이 케이스에서 도움이 됩니다. 면접에서는 NaN 비교의 예외를 확장 질문으로 자주 냅니다.		TRUE	TRUE	FALSE	FALSE	null	FALSE	undefined	FALSE	frontend	javascript		
Q070	setTimeout 반환값(Timeout ID)		Frontend - JavaScript	12	CHOICE	EASY	setTimeout 호출의 반환값으로 올바른 것은?	setTimeout은 타이머 식별자(id)를 반환합니다. 이 값은 clearTimeout으로 취소할 때 사용됩니다. 실무에서는 컴포넌트 언마운트 시 정리 작업이 중요합니다.		Promise 객체	FALSE	타이머 id	TRUE	실행 결과 값	FALSE	항상 0	FALSE	frontend	javascript		
Q071	fetch(Promise)		Frontend - JavaScript	12	CHOICE	EASY	fetch 함수의 반환 타입으로 가장 올바른 것은?	fetch는 즉시 Response를 주는 것이 아니라 Promise를 반환합니다. 실무에서는 then 체이닝이나 async await로 응답을 처리합니다. 면접에서는 비동기 기본 흐름을 이해하는지 확인하는 질문으로 잘 나옵니다.		Promise	TRUE	Response 객체	FALSE	string	FALSE	boolean	FALSE	frontend	javascript		
Q072	try catch finally		Frontend - JavaScript	12	CHOICE	EASY	finally 블록의 실행 규칙으로 올바른 것은?	finally는 try에서 예외가 나든 안 나든 실행되는 구간입니다. 실무에서는 로딩 상태 해제, 리소스 정리, 로그 마무리 같은 공통 정리 로직을 두기 좋습니다. 면접에서는 try catch finally의 역할 분리를 명확히 말하는 것이 포인트입니다.		에러가 없을 때만 실행된다	FALSE	에러 여부와 관계없이 실행된다	TRUE	catch가 있으면 실행되지 않는다	FALSE	Promise에서만 사용할 수 있다	FALSE	frontend	javascript		
Q073	const 초기화(Const Initialization)		Frontend - JavaScript	12	CHOICE	EASY	const 선언에 대한 설명으로 올바른 것은?	const는 재할당을 막는 선언이며, 선언 시점에 반드시 초기화가 필요합니다. 즉 값을 나중에 넣는 형태로는 쓸 수 없습니다. 실무에서는 “값이 변하지 않는 참조”를 표현할 때 쓰지만, 객체 내부 변경은 가능하다는 점과 함께 구분해야 합니다. 면접에서는 “const는 초기화 필수”가 단골 포인트입니다.		const는 선언만 해두고 나중에 값을 넣어도 된다	FALSE	const는 선언할 때 값을 반드시 할당해야 한다	TRUE	const는 함수 스코프다	FALSE	const는 항상 전역 변수로만 선언된다	FALSE	frontend	javascript		
Q074	Array.forEach		Frontend - JavaScript	12	CHOICE	EASY	Array.forEach의 반환값에 대한 설명으로 가장 올바른 것은?	forEach는 각 요소에 대해 콜백을 실행하지만, 새로운 배열을 만들어 반환하지 않습니다. 반환값은 일반적으로 undefined이기 때문에 체이닝에 부적합합니다. 실무에서는 “순회하며 부수효과 처리”에 쓰고, “새 배열 생성”은 map을 쓰는 식으로 역할을 구분합니다. 면접에서도 map과 비교로 자주 묻습니다.		새 배열을 반환한다	FALSE	undefined를 반환한다	TRUE	조건에 맞는 요소만 반환한다	FALSE	배열을 정렬해서 반환한다	FALSE	frontend	javascript		
Q075	Array.map		Frontend - JavaScript	12	CHOICE	EASY	Array.map의 동작으로 가장 올바른 것은?	map은 각 요소를 변환해 “새 배열”을 반환합니다. 원본 배열을 직접 바꾸지 않는다는 점이 실무에서 중요하며, 특히 상태 관리에서 불변 업데이트와 잘 맞습니다. 면접에서는 map과 forEach의 차이를 정확히 말할 수 있어야 합니다. 변환 결과를 모아야 한다면 map이 정답입니다.		각 요소를 변환해 새 배열을 반환한다	TRUE	반환값이 항상 undefined다	FALSE	원본 배열을 무조건 비운다	FALSE	첫 요소만 반환한다	FALSE	frontend	javascript		
Q076	Array.join		Frontend - JavaScript	12	CHOICE	EASY	Array.join의 결과로 올바른 것은?	join은 배열 요소들을 연결해 하나의 문자열로 만듭니다. 구분자를 넣을 수 있고, 지정하지 않으면 보통 콤마로 연결됩니다. 실무에서는 CSV 형태 문자열 생성, UI 표시 문자열 만들기 등에 자주 씁니다. 면접에서는 “배열을 문자열로” 변환한다는 핵심을 말하면 됩니다.		배열을 하나의 문자열로 합친다	TRUE	배열을 숫자 배열로 바꾼다	FALSE	원본 배열을 정렬한다	FALSE	배열의 마지막 요소를 제거한다	FALSE	frontend	javascript		
Q077	String.split		Frontend - JavaScript	12	CHOICE	EASY	String.split의 동작으로 올바른 것은?	split은 문자열을 특정 구분자를 기준으로 나눠 배열을 반환합니다. 실무에서는 입력 파싱, CSV 처리, 간단한 토큰화에서 자주 사용합니다. 반대로 배열을 문자열로 만들 때는 join을 씁니다. 면접에서는 split과 join을 짝으로 물어보는 경우가 많습니다.		문자열을 구분자로 나눠 배열을 반환한다	TRUE	문자열을 대문자로 바꾼다	FALSE	문자열의 공백을 모두 제거한다	FALSE	문자열을 숫자로 변환한다	FALSE	frontend	javascript		
Q078	String.trim		Frontend - JavaScript	12	CHOICE	EASY	String.trim의 역할로 가장 올바른 것은?	trim은 문자열 앞뒤의 공백 문자를 제거합니다. 사용자 입력값 검증에서 “겉보기엔 입력했지만 공백만 있는 값”을 처리할 때 매우 중요합니다. 실무에서는 폼 제출 전 trim을 적용해 데이터 품질을 올리는 경우가 많습니다. 면접에서는 “양쪽 공백만 제거”라는 포인트를 정확히 말하면 됩니다.		문자열 앞뒤 공백을 제거한다	TRUE	문자열 중간 공백까지 모두 제거한다	FALSE	문자열을 배열로 바꾼다	FALSE	문자열 길이를 0으로 만든다	FALSE	frontend	javascript		
Q079	String.toLowerCase		Frontend - JavaScript	12	CHOICE	EASY	String.toLowerCase의 동작으로 올바른 것은?	toLowerCase는 문자열을 소문자로 변환한 “새 문자열”을 반환합니다. 원본 문자열 자체는 변경되지 않는데, 이는 문자열이 불변(immutable) 성격이기 때문입니다. 실무에서는 대소문자 무시 검색, 정규화 처리에 자주 쓰입니다. 면접에서는 문자열이 불변이라는 점과 함께 설명하면 좋습니다.		문자열을 소문자로 변환한 새 문자열을 반환한다	TRUE	원본 문자열 자체를 직접 변경한다	FALSE	문자열을 숫자로 변환한다	FALSE	문자열을 반대로 뒤집는다	FALSE	frontend	javascript		
Q080	Date.now		Frontend - JavaScript	12	CHOICE	EASY	Date.now의 반환값으로 가장 올바른 것은?	Date.now는 현재 시각을 밀리초 단위 타임스탬프로 반환합니다. 실무에서는 간단한 성능 측정, 로그 타임스탬프, 캐시 만료 계산 등에 자주 활용됩니다. 면접에서는 “밀리초 단위 숫자”라는 점을 확실히 말하면 됩니다. 날짜 객체 생성과는 별개라는 점도 알아두면 좋습니다.		현재 시각의 밀리초 타임스탬프 숫자	TRUE	현재 시각의 문자열	FALSE	현재 시각의 Date 객체	FALSE	항상 0	FALSE	frontend	javascript		
Q081	Number.isInteger		Frontend - JavaScript	12	CHOICE	EASY	Number.isInteger의 역할로 올바른 것은?	Number.isInteger는 값이 정수인지 여부를 boolean으로 판별합니다. 실무에서는 입력 검증에서 “정수만 허용” 같은 조건을 만들 때 유용합니다. parseInt로 변환한 값이 정말 정수로 해석되었는지 확인하는 흐름에도 자주 붙습니다. 면접에서는 타입 변환 없이 검사한다는 점이 중요합니다.		값이 정수인지 여부를 판별한다	TRUE	값이 NaN인지 판별한다	FALSE	문자열을 정수로 변환한다	FALSE	배열 길이를 반환한다	FALSE	frontend	javascript		
Q082	Math.floor		Frontend - JavaScript	12	CHOICE	EASY	Math.floor(1.9)의 결과로 올바른 것은?	Math.floor는 소수점을 버리고 아래 정수로 내림합니다. 실무에서는 페이지네이션 계산, 인덱스 계산, 난수 정수화에서 자주 씁니다. 면접에서는 floor, ceil, round의 차이를 묻는 경우가 많아 기본 예시를 기억해두면 좋습니다. 결과가 “내림”이라는 점이 핵심입니다.		1	TRUE	2	FALSE	1.9	FALSE	0	FALSE	frontend	javascript		
Q083	Math.ceil		Frontend - JavaScript	12	CHOICE	EASY	Math.ceil(1.1)의 결과로 올바른 것은?	Math.ceil은 소수점이 있으면 위 정수로 올림합니다. 실무에서는 필요한 최소 개수 계산(예: 페이지 수), 레이아웃 단위 계산 등에 자주 활용됩니다. 면접에서는 floor와 반대 개념으로 묶어서 물어봅니다. “올림”이라는 키워드가 포인트입니다.		1	FALSE	2	TRUE	1.1	FALSE	0	FALSE	frontend	javascript		
Q084	Math.round		Frontend - JavaScript	12	CHOICE	EASY	Math.round(1.5)의 결과로 올바른 것은?	Math.round는 가장 가까운 정수로 반올림합니다. 0.5 이상이면 일반적으로 올림 방향으로 처리되어 1.5는 2가 됩니다. 실무에서는 표시용 숫자 반올림, 점수 계산 등에 쓰이지만, 금융처럼 엄격한 반올림 규칙이 필요하면 별도 로직이 필요할 수 있습니다. 면접에서는 기본 동작을 정확히 아는지 확인합니다.		1	FALSE	2	TRUE	1.5	FALSE	에러가 난다	FALSE	frontend	javascript		
Q085	Array.slice		Frontend - JavaScript	12	CHOICE	EASY	Array.slice에 대한 설명으로 올바른 것은?	slice는 배열의 일부를 잘라 “새 배열”로 반환하는 메서드입니다. 원본 배열을 변경하지 않는다는 점이 실무에서 중요하며, 불변 업데이트가 필요한 상황에 잘 맞습니다. 면접에서는 slice와 splice를 비교해서 출제되는 경우가 많습니다. 핵심은 “복사해서 새 배열”입니다.		원본 배열을 변경하지 않고 새 배열을 반환한다	TRUE	원본 배열에서 요소를 제거한다	FALSE	마지막 요소를 제거하고 그 값을 반환한다	FALSE	배열을 문자열로 변환한다	FALSE	frontend	javascript		
Q086	Array.splice		Frontend - JavaScript	12	CHOICE	EASY	Array.splice에 대한 설명으로 올바른 것은?	splice는 배열의 중간에 요소를 삭제하거나 삽입할 수 있고, 이 과정에서 원본 배열이 변경됩니다. 반환값은 보통 삭제된 요소들의 배열입니다. 실무에서는 원본 변경이 필요한 경우에만 신중히 사용하고, React 같은 환경에서는 불변성 때문에 특히 주의합니다. 면접에서는 “원본 변경 여부”가 핵심 포인트입니다.		원본 배열을 변경할 수 있다	TRUE	원본 배열을 절대 변경하지 않는다	FALSE	항상 새 배열만 만들고 끝난다	FALSE	배열을 정렬한다	FALSE	frontend	javascript		
Q087	객체 비교(Object Equality)		Frontend - JavaScript	12	CHOICE	EASY	객체 비교에 대한 설명으로 올바른 것은?	객체는 값 자체가 아니라 참조로 비교되는 특성이 있습니다. 같은 모양의 객체라도 서로 다른 참조면 === 비교는 false가 됩니다. 실무에서는 깊은 비교가 필요하면 별도 비교 로직이나 라이브러리를 사용합니다. 면접에서는 원시 타입과 참조 타입의 비교 차이를 묻는 단골 포인트입니다.		{} === {} 는 true다	FALSE	같은 내용이어도 참조가 다르면 === 비교는 false가 될 수 있다	TRUE	객체는 항상 값으로만 비교된다	FALSE	객체 비교는 언제나 에러가 난다	FALSE	frontend	javascript		
Q088	재할당(Reassignment)		Frontend - JavaScript	12	CHOICE	EASY	let과 const의 재할당 규칙으로 올바른 것은?	let은 재할당이 가능하지만, const는 재할당이 불가능합니다. 실무에서는 값이 변할 가능성이 있으면 let, 변하지 않아야 하면 const를 선택하는 것이 기본 원칙입니다. 다만 const 객체 내부 변경은 가능할 수 있으니 “재할당”과 “내부 변경”을 구분해야 합니다. 면접에서는 이 구분을 말로 정확히 설명하는지를 봅니다.		let은 재할당이 가능하고 const는 재할당이 불가능하다	TRUE	let은 재할당이 불가능하다	FALSE	const는 재할당이 가능하다	FALSE	let과 const는 둘 다 재할당이 불가능하다	FALSE	frontend	javascript		
Q089	stopPropagation		Frontend - JavaScript	12	CHOICE	EASY	event.stopPropagation의 효과로 가장 올바른 것은?	stopPropagation은 이벤트가 부모 요소로 전파되는 흐름을 멈춥니다. preventDefault는 기본 동작을 막는 것이므로 둘을 구분해야 합니다. 실무에서는 이벤트 위임 구조에서 특정 클릭만 따로 처리하고 싶을 때 전파를 제어하는 용도로 쓰입니다. 면접에서도 preventDefault와 함께 비교 문제로 자주 나옵니다.		이벤트 전파를 중단한다	TRUE	브라우저 기본 동작을 중단한다	FALSE	타이머를 취소한다	FALSE	CORS를 해결한다	FALSE	frontend	javascript		
Q090	addEventListener 기본값(Event Listener Default)		Frontend - JavaScript	12	CHOICE	EASY	addEventListener의 기본 동작(세 번째 인자 미지정)으로 가장 올바른 것은?	addEventListener의 세 번째 인자는 캡처링 여부를 설정할 수 있고, 일반적으로 지정하지 않으면 버블링 단계에서 동작합니다. 실무에서는 이벤트 위임이 버블링을 이용하므로 이 기본값을 이해하는 게 중요합니다. 면접에서는 캡처링과 버블링 순서를 함께 확장 질문으로 낼 수 있습니다. “기본은 버블링”만 정확히 말해도 점수를 얻습니다.		기본은 캡처링 단계에서 동작한다	FALSE	기본은 버블링 단계에서 동작한다	TRUE	기본은 이벤트를 자동으로 취소한다	FALSE	기본은 비동기 큐에서만 실행된다	FALSE	frontend	javascript		
Q091	querySelectorAll(NodeList)		Frontend - JavaScript	12	CHOICE	EASY	document.querySelectorAll의 반환값으로 올바른 것은?	querySelectorAll은 조건에 맞는 요소들을 모아 NodeList를 반환합니다. NodeList는 배열과 비슷해 보이지만 완전히 같은 타입은 아니라서 배열 메서드 사용 시 주의가 필요합니다. 실무에서는 필요하면 Array.from으로 배열로 변환해 처리합니다. 면접에서는 querySelector(단일)와 querySelectorAll(여러 개)의 차이가 자주 출제됩니다.		단일 Element	FALSE	NodeList	TRUE	Promise	FALSE	string	FALSE	frontend	javascript		
Q092	Array.from		Frontend - JavaScript	12	CHOICE	EASY	Array.from의 역할로 가장 올바른 것은?	Array.from은 이터러블이나 배열 비슷한 객체를 실제 배열로 변환합니다. 실무에서는 NodeList를 배열로 바꿔 map, filter 같은 배열 메서드를 쓰고 싶을 때 자주 사용합니다. 또한 문자열을 문자 배열로 만들거나, 길이 기반으로 초기 배열을 생성하는 패턴도 있습니다. 면접에서는 “변환해서 배열 메서드를 쓰기 위해”라는 사용 이유를 말하면 좋습니다.		이터러블 또는 유사 배열을 배열로 변환한다	TRUE	배열을 문자열로 변환한다	FALSE	배열을 정렬한다	FALSE	배열의 마지막 요소를 제거한다	FALSE	frontend	javascript		
Q093	typeof undefined		Frontend - JavaScript	12	CHOICE	EASY	typeof undefined의 결과로 올바른 것은?	typeof는 값의 타입을 문자열로 반환합니다. undefined는 선언만 되었거나 값이 없는 상태를 나타내는 타입이기도 합니다. 면접에서는 null과의 차이와 함께 자주 확인합니다.		undefined	TRUE	null	FALSE	object	FALSE	number	FALSE	frontend	javascript		
Q094	콘솔 로그(Console Log)		Frontend - JavaScript	12	CHOICE	EASY	console.log의 주된 목적은 무엇인가?	console.log는 콘솔에 값을 출력해 디버깅에 도움을 줍니다. 실무에서는 개발 중 상태 확인이나 에러 원인 추적에 매우 자주 사용됩니다. 배포 코드에는 불필요한 로그가 남지 않도록 정리하는 습관이 중요합니다.		브라우저 콘솔에 출력한다	TRUE	DOM 요소를 생성한다	FALSE	이벤트 전파를 막는다	FALSE	서버 DB에 저장한다	FALSE	frontend	javascript		
Q095	getElementById		Frontend - JavaScript	12	CHOICE	EASY	document.getElementById가 요소를 찾지 못했을 때 반환하는 값은?	getElementById는 id로 요소를 찾는 DOM API입니다. 요소가 없으면 null을 반환하므로 null 체크 후 접근해야 안전합니다. 실무에서는 선택자 오타나 렌더링 타이밍 문제를 찾을 때도 자주 등장합니다.		null	TRUE	undefined	FALSE	FALSE	FALSE	빈 배열	FALSE	frontend	javascript		
Q096	Math.max		Frontend - JavaScript	12	CHOICE	EASY	Math.max(1, 5, 3)의 결과로 올바른 것은?	Math.max는 전달된 값들 중 최댓값을 반환합니다. 실무에서는 최댓값 계산이나 범위 제한 처리에서 사용됩니다. 면접에서는 min과 함께 기본 사용법을 확인하는 경우가 많습니다.		1	FALSE	3	FALSE	5	TRUE	0	FALSE	frontend	javascript		
Q097	문자열 결합(String Concatenation)		Frontend - JavaScript	12	CHOICE	EASY	문자열과 숫자를 더할 때 "1" + 2의 결과로 올바른 것은?	플러스 연산자는 한쪽이 문자열이면 문자열 결합으로 동작할 수 있습니다. 이때 숫자 2가 문자열로 변환되어 이어 붙습니다. 실무에서는 의도치 않은 타입 강제 변환을 피하기 위해 Number 변환이나 템플릿 리터럴을 명확히 사용합니다.		3	FALSE	12 숫자	FALSE	12 문자열	TRUE	NaN	FALSE	frontend	javascript		
Q098	parseFloat		Frontend - JavaScript	12	CHOICE	EASY	parseFloat("3.14px")의 결과로 올바른 것은?	parseFloat는 문자열 앞부분에서 실수로 해석 가능한 부분을 파싱합니다. 단위가 붙은 값에서 숫자만 뽑아야 할 때 종종 사용됩니다. 실무에서는 입력 검증과 함께 NaN 처리까지 고려하는 것이 안전합니다.		3.14	TRUE	NaN	FALSE	314	FALSE	에러 발생	FALSE	frontend	javascript		
Q099	Boolean 변환(Boolean Conversion)		Frontend - JavaScript	12	CHOICE	EASY	Boolean("")의 결과로 올바른 것은?	빈 문자열은 대표적인 falsy 값입니다. Boolean 함수는 값을 true 또는 false로 명시 변환합니다. 실무에서는 조건문에서 빈 문자열이 false로 평가된다는 점이 버그 포인트가 될 수 있어 주의가 필요합니다.		TRUE	FALSE	FALSE	TRUE	null	FALSE	undefined	FALSE	frontend	javascript		
Q100	Array.concat		Frontend - JavaScript	12	CHOICE	EASY	Array.concat에 대한 설명으로 올바른 것은?	concat은 배열을 합쳐 새 배열을 반환합니다. 원본 배열을 직접 변경하지 않는다는 점이 실무에서 중요합니다. 불변 업데이트가 필요한 환경에서 자주 활용됩니다.		원본 배열을 변경하고 길이를 반환한다	FALSE	새 배열을 반환하며 원본은 보통 그대로다	TRUE	마지막 요소를 제거한다	FALSE	배열을 역순으로 만든다	FALSE	frontend	javascript		
Q101	Array.reverse		Frontend - JavaScript	12	CHOICE	EASY	Array.reverse에 대한 설명으로 올바른 것은?	reverse는 배열의 순서를 뒤집는 메서드입니다. 중요한 포인트는 원본 배열을 변경한다는 점입니다. 실무에서는 원본을 보존해야 하면 복사 후 reverse를 적용하는 패턴을 사용합니다.		원본 배열을 변경할 수 있다	TRUE	항상 새 배열만 만들고 원본은 절대 안 바뀐다	FALSE	배열을 정렬만 한다	FALSE	첫 요소만 반환한다	FALSE	frontend	javascript		
Q102	Array.sort 기본 동작(Default Sort)		Frontend - JavaScript	12	CHOICE	EASY	[10, 2].sort()의 결과로 더 적절한 것은?	sort는 비교 함수를 주지 않으면 요소를 문자열로 변환해 사전식으로 정렬하는 동작이 기본입니다. 그래서 10과 2를 숫자 크기대로 정렬하지 않을 수 있습니다. 실무에서 숫자 정렬은 compare 함수를 넣는 습관이 중요합니다.		[2, 10]	FALSE	[10, 2]	TRUE	[10, 20]	FALSE	에러 발생	FALSE	frontend	javascript		
Q103	startsWith		Frontend - JavaScript	12	CHOICE	EASY	"JavaScript".startsWith("Java")의 결과로 올바른 것은?	startsWith는 문자열이 특정 접두사로 시작하는지 확인합니다. 실무에서는 라우팅 경로 검사나 간단한 파싱에 자주 쓰입니다. 면접에서는 includes, endsWith와 함께 기본 메서드를 묻는 경우가 있습니다.		TRUE	TRUE	FALSE	FALSE	null	FALSE	undefined	FALSE	frontend	javascript		
Q104	endsWith		Frontend - JavaScript	12	CHOICE	EASY	"hello.txt".endsWith(".txt")의 결과로 올바른 것은?	endsWith는 문자열이 특정 접미사로 끝나는지 확인합니다. 실무에서는 파일 확장자 검사나 URL 패턴 확인에서 자주 사용됩니다. 정규식이 과한 경우 endsWith로 간단히 해결할 수 있습니다.		TRUE	TRUE	FALSE	FALSE	0	FALSE	NaN	FALSE	frontend	javascript		
Q105	charAt		Frontend - JavaScript	12	CHOICE	EASY	"ABC".charAt(0)의 결과로 올바른 것은?	charAt은 지정한 인덱스의 문자를 반환합니다. 실무에서는 간단한 파싱이나 첫 글자 추출 같은 작업에 쓰입니다. 인덱스가 범위를 벗어나면 빈 문자열이 나올 수 있어 방어가 필요할 때도 있습니다.		A	TRUE	B	FALSE	ABC	FALSE	undefined	FALSE	frontend	javascript		
Q106	Number 변환(Number Conversion)		Frontend - JavaScript	12	CHOICE	EASY	Number("123")의 결과로 올바른 것은?	Number는 문자열을 숫자로 변환하려고 시도합니다. 변환이 가능하면 숫자 타입이 되고, 불가능하면 NaN이 됩니다. 실무에서는 사용자 입력을 숫자로 다룰 때 NaN 검증까지 같이 붙이는 것이 안전합니다.		123 숫자	TRUE	123 문자열	FALSE	NaN	FALSE	undefined	FALSE	frontend	javascript		
Q107	typeof 배열(Typeof Array)		Frontend - JavaScript	12	CHOICE	EASY	typeof []의 결과로 올바른 것은?	배열은 내부적으로 객체로 분류되어 typeof 결과가 object로 나옵니다. 그래서 배열 판별은 Array.isArray가 권장됩니다. 면접에서는 typeof로 배열을 구분할 수 없다는 점을 아는지 확인합니다.		array	FALSE	object	TRUE	undefined	FALSE	number	FALSE	frontend	javascript		
Q108	continue		Frontend - JavaScript	12	CHOICE	EASY	반복문에서 continue의 역할로 가장 올바른 것은?	continue는 현재 반복을 건너뛰고 다음 반복으로 넘어갑니다. 실무에서는 조건을 만족하지 않는 케이스를 빠르게 스킵할 때 유용합니다. 다만 남용하면 흐름이 복잡해질 수 있어 가독성을 고려해야 합니다.		반복문을 즉시 종료한다	FALSE	현재 반복만 건너뛰고 다음 반복으로 간다	TRUE	함수를 종료한다	FALSE	예외를 던진다	FALSE	frontend	javascript		
Q109	break		Frontend - JavaScript	12	CHOICE	EASY	반복문에서 break의 역할로 가장 올바른 것은?	break는 가장 가까운 반복문 또는 switch 문을 즉시 종료합니다. 실무에서는 조건을 만족하면 더 이상 탐색할 필요가 없을 때 성능상 유리합니다. 면접에서는 continue와의 차이를 명확히 구분하는지를 봅니다.		반복문을 즉시 종료한다	TRUE	현재 반복만 건너뛴다	FALSE	이벤트 전파를 막는다	FALSE	배열을 복사한다	FALSE	frontend	javascript		
Q110	clearTimeout		Frontend - JavaScript	12	CHOICE	EASY	clearTimeout에 전달해야 하는 값으로 올바른 것은?	clearTimeout은 setTimeout으로 등록한 타이머를 취소하는 함수입니다. 취소하려면 setTimeout이 반환한 타이머 id가 필요합니다. 실무에서는 컴포넌트 해제 시 타이머 정리를 하지 않으면 사이드 이펙트가 남을 수 있습니다.		setTimeout이 반환한 타이머 id	TRUE	콜백 함수 자체	FALSE	DOM 요소	FALSE	Promise 객체	FALSE	frontend	javascript		
Q111	clearInterval		Frontend - JavaScript	12	CHOICE	EASY	clearInterval에 전달해야 하는 값으로 올바른 것은?	clearInterval은 setInterval로 등록한 반복 타이머를 취소합니다. setInterval이 반환한 id로 어떤 타이머를 취소할지 지정합니다. 실무에서는 폴링이나 애니메이션 루프를 만들었다면 반드시 종료 시점을 정해 정리해야 합니다.		setInterval이 반환한 타이머 id	TRUE	현재 시간(Date.now)	FALSE	이벤트 객체	FALSE	문자열 키	FALSE	frontend	javascript		
Q112	Response.json		Frontend - JavaScript	12	CHOICE	EASY	fetch로 받은 Response에서 JSON 본문을 파싱할 때 자주 쓰는 메서드는?	fetch의 응답은 Response 객체로 오고, 본문을 JSON으로 파싱하려면 json 메서드를 호출합니다. 이 과정도 비동기라 Promise로 처리해야 합니다. 실무에서는 상태 코드 확인 후 json 파싱을 하는 흐름을 습관화하는 것이 안전합니다.		response.json	TRUE	response.textOnly	FALSE	response.parseJSONSync	FALSE	response.toObject	FALSE	frontend	javascript		
Q113	Array.reduce		Frontend - JavaScript	12	CHOICE	MEDIUM	Array.reduce에 대한 설명으로 가장 올바른 것은?	reduce는 배열을 누적 계산해 하나의 결과 값으로 만드는 메서드입니다. 콜백은 누적값과 현재값 등을 받아 다음 누적값을 반환합니다. 실무에서는 합계, 그룹핑, 객체로 변환 같은 로직에서 자주 쓰지만 초기값 설정을 빼먹으면 타입 버그가 날 수 있습니다.		reduce는 항상 새 배열을 반환한다	FALSE	reduce는 누적 계산으로 단일 값 또는 단일 구조를 만들 수 있다	TRUE	reduce는 원본 배열을 무조건 비운다	FALSE	reduce는 첫 요소만 반환한다	FALSE	frontend	javascript		
Q114	call과 apply(Call, Apply)		Frontend - JavaScript	12	CHOICE	MEDIUM	call과 apply의 차이에 대한 설명으로 올바른 것은?	call과 apply는 함수의 this를 명시적으로 지정해 호출할 수 있습니다. 핵심 차이는 인자 전달 방식으로, call은 인자들을 나열하고 apply는 인자 배열을 전달합니다. 실무에서는 가변 인자 처리나 기존 배열을 그대로 넘길 때 apply 패턴이 등장합니다.		call은 인자 배열을 받고 apply는 인자를 나열한다	FALSE	call은 인자를 나열하고 apply는 인자 배열을 받는다	TRUE	call과 apply는 this를 바꿀 수 없다	FALSE	apply는 오직 화살표 함수에서만 가능하다	FALSE	frontend	javascript		
Q115	bind(Bind)		Frontend - JavaScript	12	CHOICE	MEDIUM	bind 메서드의 동작으로 가장 올바른 것은?	bind는 this가 고정된 새로운 함수를 반환합니다. 즉 즉시 실행이 아니라 나중에 호출할 수 있는 함수가 만들어집니다. 실무에서는 콜백으로 넘길 때 this가 깨지는 문제를 예방하는 용도로 자주 사용합니다.		bind는 함수를 즉시 실행한다	FALSE	bind는 this가 고정된 새 함수를 반환한다	TRUE	bind는 프로토타입 체인을 끊는다	FALSE	bind는 Promise를 동기로 만든다	FALSE	frontend	javascript		
Q116	화살표 함수 this(Arrow this)		Frontend - JavaScript	12	CHOICE	MEDIUM	화살표 함수 this에 대한 설명으로 올바른 것은?	화살표 함수는 자신만의 this를 만들지 않고, 외부 스코프의 this를 캡처합니다. 그래서 메서드로 쓸 때 의도와 다르게 동작할 수 있어 주의가 필요합니다. 실무에서는 콜백 내부 this 문제 해결엔 좋지만, 객체 메서드엔 일반 함수가 더 적절할 때가 많습니다.		화살표 함수 this는 호출 시점에 동적으로 결정된다	FALSE	화살표 함수 this는 바깥 스코프의 this를 그대로 사용한다	TRUE	화살표 함수는 new로 인스턴스를 항상 만들 수 있다	FALSE	화살표 함수는 arguments가 항상 존재한다	FALSE	frontend	javascript		
Q117	프로퍼티 탐색(Property Lookup)		Frontend - JavaScript	12	CHOICE	MEDIUM	프로토타입 체인에서 객체의 프로퍼티 탐색 순서로 올바른 것은?	객체에 없는 프로퍼티를 접근하면 자바스크립트는 현재 객체부터 시작해 프로토타입 체인을 따라 올라가며 탐색합니다. 이 동작을 이해하면 상속 구조 디버깅이 쉬워집니다. 실무에서는 동일 이름 프로퍼티가 체인 어디에 존재하는지 파악하는 게 중요합니다.		프로토타입부터 먼저 찾고 객체를 나중에 찾는다	FALSE	객체에서 먼저 찾고 없으면 프로토타입 체인을 따라 올라간다	TRUE	객체는 프로토타입을 절대 가지지 않는다	FALSE	프로퍼티 탐색은 항상 에러를 발생시킨다	FALSE	frontend	javascript		
Q118	Object.freeze		Frontend - JavaScript	12	CHOICE	MEDIUM	Object.freeze에 대한 설명으로 가장 올바른 것은?	Object.freeze는 객체의 프로퍼티 추가, 삭제, 수정 등을 막아 불변처럼 보이게 만듭니다. 다만 중첩 객체까지 자동으로 얼리는 깊은 동결은 아니어서 내부 객체는 여전히 변경될 수 있습니다. 실무에서는 불변성 보장을 위해 구조 설계나 깊은 동결 전략이 함께 필요합니다.		Object.freeze는 중첩 객체까지 항상 깊게 동결한다	FALSE	Object.freeze는 얕게 동결되며 중첩 객체는 변경될 수 있다	TRUE	Object.freeze는 배열에만 적용된다	FALSE	Object.freeze는 타입을 문자열로 바꾼다	FALSE	frontend	javascript		
Q119	객체 전개(Spread Object)		Frontend - JavaScript	12	CHOICE	MEDIUM	객체 전개 문법에서 {a:1, ...{a:2}}의 결과로 올바른 것은?	객체 전개 문법에서는 뒤에 오는 프로퍼티가 앞의 같은 키를 덮어씁니다. 즉 병합 순서가 중요합니다. 실무에서는 기본값 객체 위에 사용자 옵션을 덮는 패턴에서 이 규칙을 많이 활용합니다.		a는 1로 유지된다	FALSE	a는 2로 덮어써진다	TRUE	a는 [1,2]가 된다	FALSE	에러가 발생한다	FALSE	frontend	javascript		
Q120	구조 분해 기본값(Destructuring Default)		Frontend - JavaScript	12	CHOICE	MEDIUM	구조 분해 기본값이 적용되는 경우로 올바른 것은?	구조 분해 기본값은 값이 undefined일 때 적용됩니다. null은 명시적인 값으로 취급되어 기본값이 적용되지 않는 점이 함정입니다. 실무에서는 API 응답에 null이 올 수 있으면 별도 처리 로직이 필요합니다.		값이 null이면 기본값이 적용된다	FALSE	값이 undefined이면 기본값이 적용된다	TRUE	값이 0이면 기본값이 적용된다	FALSE	값이 빈 문자열이면 기본값이 적용된다	FALSE	frontend	javascript		
Q121	널 병합(Nullish Coalescing)		Frontend - JavaScript	12	CHOICE	MEDIUM	널 병합 연산자 ?? 의 동작으로 가장 올바른 것은?	??는 왼쪽 값이 null 또는 undefined일 때만 오른쪽 값을 사용합니다. 그래서 0이나 빈 문자열처럼 falsy지만 유효한 값은 유지됩니다. 실무에서 기본값 처리 시 OR 연산자와의 차이를 확실히 이해해야 버그를 줄일 수 있습니다.		왼쪽 값이 falsy면 항상 오른쪽 값을 사용한다	FALSE	왼쪽 값이 null 또는 undefined일 때만 오른쪽 값을 사용한다	TRUE	??는 문자열 결합 연산자다	FALSE	??는 배열에서만 쓸 수 있다	FALSE	frontend	javascript		
Q122	Promise.all		Frontend - JavaScript	12	CHOICE	MEDIUM	Promise.all의 동작으로 올바른 것은?	Promise.all은 모든 프로미스가 성공하면 결과 배열로 fulfilled됩니다. 하나라도 reject되면 즉시 reject되는 성격이 있어 실패 처리 전략이 중요합니다. 실무에서는 병렬 요청을 묶을 때 자주 쓰며, 실패 허용이면 allSettled 같은 대안을 고려합니다.		하나라도 실패하면 즉시 reject될 수 있다	TRUE	가장 먼저 끝난 하나의 결과만 반환한다	FALSE	항상 성공만 하도록 강제한다	FALSE	동기 함수처럼 즉시 값을 반환한다	FALSE	frontend	javascript		
Q123	Promise.allSettled		Frontend - JavaScript	12	CHOICE	MEDIUM	Promise.allSettled에 대한 설명으로 가장 올바른 것은?	allSettled는 성공과 실패를 모두 포함해 각 결과의 상태를 배열로 반환합니다. 즉 전체가 reject되지 않고 항상 완료 결과를 받는 형태입니다. 실무에서는 일부 요청이 실패해도 나머지 결과를 활용해야 할 때 유용합니다.		하나라도 실패하면 즉시 reject된다	FALSE	모든 결과를 상태와 함께 배열로 반환한다	TRUE	가장 빠른 하나만 반환한다	FALSE	오직 fulfilled만 포함한다	FALSE	frontend	javascript		
Q124	async 에러 처리(Async Throw)		Frontend - JavaScript	12	CHOICE	MEDIUM	async 함수에서 throw가 의미하는 것으로 올바른 것은?	async 함수 내부에서 throw가 발생하면 반환되는 Promise는 rejected 상태가 됩니다. 따라서 호출 측에서는 await와 try catch 또는 catch 체이닝으로 처리해야 합니다. 실무에서는 에러 전파 경로를 명확히 만드는 것이 중요합니다.		throw는 항상 프로그램 전체를 즉시 종료한다	FALSE	async 함수에서 throw는 rejected Promise로 이어진다	TRUE	throw는 catch로 절대 잡히지 않는다	FALSE	throw는 setTimeout에서만 가능하다	FALSE	frontend	javascript		
Q125	await와 try catch(Await Try Catch)		Frontend - JavaScript	12	CHOICE	MEDIUM	async 함수에서 await한 Promise가 reject될 때 try catch로 처리 가능한 경우는?	await로 기다린 Promise가 reject되면 그 지점에서 예외처럼 동작합니다. 따라서 같은 async 함수 내부에서 try catch로 감싸면 처리할 수 있습니다. 실무에서는 로딩 해제나 공통 오류 처리에 finally를 함께 쓰는 패턴이 많습니다.		await는 reject를 절대 발생시키지 않는다	FALSE	await 구간을 try catch로 감싸면 reject를 잡을 수 있다	TRUE	try catch는 Promise에 적용할 수 없다	FALSE	catch는 ESM에서만 동작한다	FALSE	frontend	javascript		
Q126	JSON 순환 참조(Circular JSON)		Frontend - JavaScript	12	CHOICE	MEDIUM	JSON.stringify에서 순환 참조(circular reference)가 있으면 일반적으로 어떻게 되는가?	순환 참조가 있는 객체를 JSON.stringify하면 보통 TypeError가 발생합니다. 실무에서는 순환 구조를 제거하거나, replacer를 쓰거나, 전용 라이브러리를 고려해야 합니다. 면접에서도 직렬화의 한계로 자주 언급됩니다.		자동으로 순환을 끊고 stringify된다	FALSE	TypeError가 발생할 수 있다	TRUE	undefined로 조용히 변환된다	FALSE	Promise로 변환된다	FALSE	frontend	javascript		
Q127	addEventListener once		Frontend - JavaScript	12	CHOICE	MEDIUM	addEventListener 옵션 중 once:true의 효과로 올바른 것은?	once:true는 이벤트 리스너가 한 번 실행된 뒤 자동으로 제거되게 합니다. 실무에서는 일회성 동작 처리에 편하고, removeEventListener 누락으로 인한 메모리 이슈를 줄일 수 있습니다. 면접에서는 options 객체를 아는지 확인하는 포인트로 나옵니다.		이벤트가 발생할 때마다 계속 실행된다	FALSE	한 번 실행된 뒤 자동으로 제거된다	TRUE	이벤트 전파를 막는다	FALSE	기본 동작을 막는다	FALSE	frontend	javascript		
Q128	closest와 위임(Event Delegation)		Frontend - JavaScript	12	CHOICE	MEDIUM	이벤트 위임에서 클릭된 요소가 특정 선택자에 해당하는지 확인할 때 자주 쓰는 방식은?	이벤트 위임은 상위에 리스너를 두고, 실제 클릭된 하위 요소를 판별해 처리합니다. 이때 event.target에서 시작해 closest로 원하는 조상 요소를 찾는 패턴이 실무에서 매우 흔합니다. 면접에서는 target과 currentTarget 구분과 함께 설명하면 좋습니다.		event.currentTarget.closest를 무조건 사용한다	FALSE	event.target.closest로 매칭 요소를 찾는 패턴이 흔하다	TRUE	stopPropagation으로만 위임을 구현한다	FALSE	capture 단계에서만 위임이 가능하다	FALSE	frontend	javascript		
Q129	strict mode this		Frontend - JavaScript	12	CHOICE	MEDIUM	strict mode에서 일반 함수 호출 시 this 값으로 올바른 것은?	strict mode에서는 일반 함수 호출 시 this가 전역 객체로 자동 바인딩되지 않고 undefined가 됩니다. 이 차이를 모르면 this를 사용하는 유틸 함수에서 런타임 에러가 날 수 있습니다. 실무에서는 클래스 메서드나 명시적 바인딩을 통해 this 의존을 줄이는 편이 안전합니다.		window 또는 globalThis가 된다	FALSE	undefined가 될 수 있다	TRUE	호출한 파일 경로가 된다	FALSE	항상 함수 자신을 가리킨다	FALSE	frontend	javascript		
Q130	모듈 스코프(Module Scope)		Frontend - JavaScript	12	CHOICE	MEDIUM	ES Module 환경에서 최상위 레벨 this에 대한 설명으로 올바른 것은?	ES Module에서는 최상위 레벨 this가 전역 객체를 가리키지 않고 undefined인 경우가 일반적입니다. CommonJS나 스크립트 모드와 달라 혼동하기 쉬운 포인트입니다. 실무에서는 모듈 스코프를 전제로 코드를 작성해야 합니다.		최상위 this는 항상 window다	FALSE	최상위 this는 undefined인 경우가 많다	TRUE	최상위 this는 export default다	FALSE	최상위 this는 Promise다	FALSE	frontend	javascript		
Q131	숫자 정렬(Numeric Sort)		Frontend - JavaScript	12	CHOICE	MEDIUM	숫자 배열을 오름차순으로 정확히 정렬하려면 sort에 어떤 비교 함수를 주는 것이 일반적인가?	sort는 기본적으로 문자열 기준 정렬이라 숫자 정렬에 함정이 있습니다. 숫자 오름차순은 보통 (a,b)=>a-b 비교 함수를 전달합니다. 실무에서는 정렬 기준을 명시해 예측 가능한 결과를 만드는 습관이 중요합니다.		(a,b) => a - b	TRUE	(a,b) => a + b	FALSE	(a,b) => String(a) > String(b)	FALSE	비교 함수 없이 호출	FALSE	frontend	javascript		
Q132	for in vs for of		Frontend - JavaScript	12	CHOICE	MEDIUM	for...in과 for...of의 차이로 올바른 것은?	for...in은 주로 객체의 열거 가능한 키를 순회하고, 배열에 쓰면 예상치 못한 프로퍼티까지 포함될 수 있어 주의가 필요합니다. for...of는 이터러블의 값을 순회합니다. 실무에서는 배열은 for...of 또는 배열 메서드를 선호하는 편이 안전합니다.		for...in은 값, for...of는 키를 돈다	FALSE	for...in은 키, for...of는 값을 순회하는 편이다	TRUE	둘은 완전히 동일하게 동작한다	FALSE	for...of는 객체에서만 동작한다	FALSE	frontend	javascript		
Q133	Array.reduce		Frontend - JavaScript	12	CHOICE	MEDIUM	Array.reduce에 대한 설명으로 가장 올바른 것은?	reduce는 배열을 누적 계산해 하나의 결과 값으로 만드는 메서드입니다. 콜백은 누적값과 현재값 등을 받아 다음 누적값을 반환합니다. 실무에서는 합계, 그룹핑, 객체로 변환 같은 로직에서 자주 쓰지만 초기값 설정을 빼먹으면 타입 버그가 날 수 있습니다.		reduce는 항상 새 배열을 반환한다	FALSE	reduce는 누적 계산으로 단일 값 또는 단일 구조를 만들 수 있다	TRUE	reduce는 원본 배열을 무조건 비운다	FALSE	reduce는 첫 요소만 반환한다	FALSE	frontend	javascript		
Q134	call과 apply(Call, Apply)		Frontend - JavaScript	12	CHOICE	MEDIUM	call과 apply의 차이에 대한 설명으로 올바른 것은?	call과 apply는 함수의 this를 명시적으로 지정해 호출할 수 있습니다. 핵심 차이는 인자 전달 방식으로, call은 인자들을 나열하고 apply는 인자 배열을 전달합니다. 실무에서는 가변 인자 처리나 기존 배열을 그대로 넘길 때 apply 패턴이 등장합니다.		call은 인자 배열을 받고 apply는 인자를 나열한다	FALSE	call은 인자를 나열하고 apply는 인자 배열을 받는다	TRUE	call과 apply는 this를 바꿀 수 없다	FALSE	apply는 오직 화살표 함수에서만 가능하다	FALSE	frontend	javascript		
Q135	bind(Bind)		Frontend - JavaScript	12	CHOICE	MEDIUM	bind 메서드의 동작으로 가장 올바른 것은?	bind는 this가 고정된 새로운 함수를 반환합니다. 즉 즉시 실행이 아니라 나중에 호출할 수 있는 함수가 만들어집니다. 실무에서는 콜백으로 넘길 때 this가 깨지는 문제를 예방하는 용도로 자주 사용합니다.		bind는 함수를 즉시 실행한다	FALSE	bind는 this가 고정된 새 함수를 반환한다	TRUE	bind는 프로토타입 체인을 끊는다	FALSE	bind는 Promise를 동기로 만든다	FALSE	frontend	javascript		
Q136	화살표 함수 this(Arrow this)		Frontend - JavaScript	12	CHOICE	MEDIUM	화살표 함수 this에 대한 설명으로 올바른 것은?	화살표 함수는 자신만의 this를 만들지 않고, 외부 스코프의 this를 캡처합니다. 그래서 메서드로 쓸 때 의도와 다르게 동작할 수 있어 주의가 필요합니다. 실무에서는 콜백 내부 this 문제 해결엔 좋지만, 객체 메서드엔 일반 함수가 더 적절할 때가 많습니다.		화살표 함수 this는 호출 시점에 동적으로 결정된다	FALSE	화살표 함수 this는 바깥 스코프의 this를 그대로 사용한다	TRUE	화살표 함수는 new로 인스턴스를 항상 만들 수 있다	FALSE	화살표 함수는 arguments가 항상 존재한다	FALSE	frontend	javascript		
Q137	프로퍼티 탐색(Property Lookup)		Frontend - JavaScript	12	CHOICE	MEDIUM	프로토타입 체인에서 객체의 프로퍼티 탐색 순서로 올바른 것은?	객체에 없는 프로퍼티를 접근하면 자바스크립트는 현재 객체부터 시작해 프로토타입 체인을 따라 올라가며 탐색합니다. 이 동작을 이해하면 상속 구조 디버깅이 쉬워집니다. 실무에서는 동일 이름 프로퍼티가 체인 어디에 존재하는지 파악하는 게 중요합니다.		프로토타입부터 먼저 찾고 객체를 나중에 찾는다	FALSE	객체에서 먼저 찾고 없으면 프로토타입 체인을 따라 올라간다	TRUE	객체는 프로토타입을 절대 가지지 않는다	FALSE	프로퍼티 탐색은 항상 에러를 발생시킨다	FALSE	frontend	javascript		
Q138	Object.freeze		Frontend - JavaScript	12	CHOICE	MEDIUM	Object.freeze에 대한 설명으로 가장 올바른 것은?	Object.freeze는 객체의 프로퍼티 추가, 삭제, 수정 등을 막아 불변처럼 보이게 만듭니다. 다만 중첩 객체까지 자동으로 얼리는 깊은 동결은 아니어서 내부 객체는 여전히 변경될 수 있습니다. 실무에서는 불변성 보장을 위해 구조 설계나 깊은 동결 전략이 함께 필요합니다.		Object.freeze는 중첩 객체까지 항상 깊게 동결한다	FALSE	Object.freeze는 얕게 동결되며 중첩 객체는 변경될 수 있다	TRUE	Object.freeze는 배열에만 적용된다	FALSE	Object.freeze는 타입을 문자열로 바꾼다	FALSE	frontend	javascript		
Q139	객체 전개(Spread Object)		Frontend - JavaScript	12	CHOICE	MEDIUM	객체 전개 문법에서 {a:1, ...{a:2}}의 결과로 올바른 것은?	객체 전개 문법에서는 뒤에 오는 프로퍼티가 앞의 같은 키를 덮어씁니다. 즉 병합 순서가 중요합니다. 실무에서는 기본값 객체 위에 사용자 옵션을 덮는 패턴에서 이 규칙을 많이 활용합니다.		a는 1로 유지된다	FALSE	a는 2로 덮어써진다	TRUE	a는 [1,2]가 된다	FALSE	에러가 발생한다	FALSE	frontend	javascript		
Q140	구조 분해 기본값(Destructuring Default)		Frontend - JavaScript	12	CHOICE	MEDIUM	구조 분해 기본값이 적용되는 경우로 올바른 것은?	구조 분해 기본값은 값이 undefined일 때 적용됩니다. null은 명시적인 값으로 취급되어 기본값이 적용되지 않는 점이 함정입니다. 실무에서는 API 응답에 null이 올 수 있으면 별도 처리 로직이 필요합니다.		값이 null이면 기본값이 적용된다	FALSE	값이 undefined이면 기본값이 적용된다	TRUE	값이 0이면 기본값이 적용된다	FALSE	값이 빈 문자열이면 기본값이 적용된다	FALSE	frontend	javascript		
Q141	널 병합(Nullish Coalescing)		Frontend - JavaScript	12	CHOICE	MEDIUM	널 병합 연산자 ?? 의 동작으로 가장 올바른 것은?	??는 왼쪽 값이 null 또는 undefined일 때만 오른쪽 값을 사용합니다. 그래서 0이나 빈 문자열처럼 falsy지만 유효한 값은 유지됩니다. 실무에서 기본값 처리 시 OR 연산자와의 차이를 확실히 이해해야 버그를 줄일 수 있습니다.		왼쪽 값이 falsy면 항상 오른쪽 값을 사용한다	FALSE	왼쪽 값이 null 또는 undefined일 때만 오른쪽 값을 사용한다	TRUE	??는 문자열 결합 연산자다	FALSE	??는 배열에서만 쓸 수 있다	FALSE	frontend	javascript		
Q142	Promise.all		Frontend - JavaScript	12	CHOICE	MEDIUM	Promise.all의 동작으로 올바른 것은?	Promise.all은 모든 프로미스가 성공하면 결과 배열로 fulfilled됩니다. 하나라도 reject되면 즉시 reject되는 성격이 있어 실패 처리 전략이 중요합니다. 실무에서는 병렬 요청을 묶을 때 자주 쓰며, 실패 허용이면 allSettled 같은 대안을 고려합니다.		하나라도 실패하면 즉시 reject될 수 있다	TRUE	가장 먼저 끝난 하나의 결과만 반환한다	FALSE	항상 성공만 하도록 강제한다	FALSE	동기 함수처럼 즉시 값을 반환한다	FALSE	frontend	javascript		
Q143	Promise.allSettled		Frontend - JavaScript	12	CHOICE	MEDIUM	Promise.allSettled에 대한 설명으로 가장 올바른 것은?	allSettled는 성공과 실패를 모두 포함해 각 결과의 상태를 배열로 반환합니다. 즉 전체가 reject되지 않고 항상 완료 결과를 받는 형태입니다. 실무에서는 일부 요청이 실패해도 나머지 결과를 활용해야 할 때 유용합니다.		하나라도 실패하면 즉시 reject된다	FALSE	모든 결과를 상태와 함께 배열로 반환한다	TRUE	가장 빠른 하나만 반환한다	FALSE	오직 fulfilled만 포함한다	FALSE	frontend	javascript		
Q144	async 에러 처리(Async Throw)		Frontend - JavaScript	12	CHOICE	MEDIUM	async 함수에서 throw가 의미하는 것으로 올바른 것은?	async 함수 내부에서 throw가 발생하면 반환되는 Promise는 rejected 상태가 됩니다. 따라서 호출 측에서는 await와 try catch 또는 catch 체이닝으로 처리해야 합니다. 실무에서는 에러 전파 경로를 명확히 만드는 것이 중요합니다.		throw는 항상 프로그램 전체를 즉시 종료한다	FALSE	async 함수에서 throw는 rejected Promise로 이어진다	TRUE	throw는 catch로 절대 잡히지 않는다	FALSE	throw는 setTimeout에서만 가능하다	FALSE	frontend	javascript		
Q145	await와 try catch(Await Try Catch)		Frontend - JavaScript	12	CHOICE	MEDIUM	async 함수에서 await한 Promise가 reject될 때 try catch로 처리 가능한 경우는?	await로 기다린 Promise가 reject되면 그 지점에서 예외처럼 동작합니다. 따라서 같은 async 함수 내부에서 try catch로 감싸면 처리할 수 있습니다. 실무에서는 로딩 해제나 공통 오류 처리에 finally를 함께 쓰는 패턴이 많습니다.		await는 reject를 절대 발생시키지 않는다	FALSE	await 구간을 try catch로 감싸면 reject를 잡을 수 있다	TRUE	try catch는 Promise에 적용할 수 없다	FALSE	catch는 ESM에서만 동작한다	FALSE	frontend	javascript		
Q146	JSON 순환 참조(Circular JSON)		Frontend - JavaScript	12	CHOICE	MEDIUM	JSON.stringify에서 순환 참조(circular reference)가 있으면 일반적으로 어떻게 되는가?	순환 참조가 있는 객체를 JSON.stringify하면 보통 TypeError가 발생합니다. 실무에서는 순환 구조를 제거하거나, replacer를 쓰거나, 전용 라이브러리를 고려해야 합니다. 면접에서도 직렬화의 한계로 자주 언급됩니다.		자동으로 순환을 끊고 stringify된다	FALSE	TypeError가 발생할 수 있다	TRUE	undefined로 조용히 변환된다	FALSE	Promise로 변환된다	FALSE	frontend	javascript		
Q147	addEventListener once		Frontend - JavaScript	12	CHOICE	MEDIUM	addEventListener 옵션 중 once:true의 효과로 올바른 것은?	once:true는 이벤트 리스너가 한 번 실행된 뒤 자동으로 제거되게 합니다. 실무에서는 일회성 동작 처리에 편하고, removeEventListener 누락으로 인한 메모리 이슈를 줄일 수 있습니다. 면접에서는 options 객체를 아는지 확인하는 포인트로 나옵니다.		이벤트가 발생할 때마다 계속 실행된다	FALSE	한 번 실행된 뒤 자동으로 제거된다	TRUE	이벤트 전파를 막는다	FALSE	기본 동작을 막는다	FALSE	frontend	javascript		
Q148	closest와 위임(Event Delegation)		Frontend - JavaScript	12	CHOICE	MEDIUM	이벤트 위임에서 클릭된 요소가 특정 선택자에 해당하는지 확인할 때 자주 쓰는 방식은?	이벤트 위임은 상위에 리스너를 두고, 실제 클릭된 하위 요소를 판별해 처리합니다. 이때 event.target에서 시작해 closest로 원하는 조상 요소를 찾는 패턴이 실무에서 매우 흔합니다. 면접에서는 target과 currentTarget 구분과 함께 설명하면 좋습니다.		event.currentTarget.closest를 무조건 사용한다	FALSE	event.target.closest로 매칭 요소를 찾는 패턴이 흔하다	TRUE	stopPropagation으로만 위임을 구현한다	FALSE	capture 단계에서만 위임이 가능하다	FALSE	frontend	javascript		
Q149	strict mode this		Frontend - JavaScript	12	CHOICE	MEDIUM	strict mode에서 일반 함수 호출 시 this 값으로 올바른 것은?	strict mode에서는 일반 함수 호출 시 this가 전역 객체로 자동 바인딩되지 않고 undefined가 됩니다. 이 차이를 모르면 this를 사용하는 유틸 함수에서 런타임 에러가 날 수 있습니다. 실무에서는 클래스 메서드나 명시적 바인딩을 통해 this 의존을 줄이는 편이 안전합니다.		window 또는 globalThis가 된다	FALSE	undefined가 될 수 있다	TRUE	호출한 파일 경로가 된다	FALSE	항상 함수 자신을 가리킨다	FALSE	frontend	javascript		
Q150	모듈 스코프(Module Scope)		Frontend - JavaScript	12	CHOICE	MEDIUM	ES Module 환경에서 최상위 레벨 this에 대한 설명으로 올바른 것은?	ES Module에서는 최상위 레벨 this가 전역 객체를 가리키지 않고 undefined인 경우가 일반적입니다. CommonJS나 스크립트 모드와 달라 혼동하기 쉬운 포인트입니다. 실무에서는 모듈 스코프를 전제로 코드를 작성해야 합니다.		최상위 this는 항상 window다	FALSE	최상위 this는 undefined인 경우가 많다	TRUE	최상위 this는 export default다	FALSE	최상위 this는 Promise다	FALSE	frontend	javascript		
Q151	숫자 정렬(Numeric Sort)		Frontend - JavaScript	12	CHOICE	MEDIUM	숫자 배열을 오름차순으로 정확히 정렬하려면 sort에 어떤 비교 함수를 주는 것이 일반적인가?	sort는 기본적으로 문자열 기준 정렬이라 숫자 정렬에 함정이 있습니다. 숫자 오름차순은 보통 (a,b)=>a-b 비교 함수를 전달합니다. 실무에서는 정렬 기준을 명시해 예측 가능한 결과를 만드는 습관이 중요합니다.		(a,b) => a - b	TRUE	(a,b) => a + b	FALSE	(a,b) => String(a) > String(b)	FALSE	비교 함수 없이 호출	FALSE	frontend	javascript		
Q152	for in vs for of		Frontend - JavaScript	12	CHOICE	MEDIUM	for...in과 for...of의 차이로 올바른 것은?	for...in은 주로 객체의 열거 가능한 키를 순회하고, 배열에 쓰면 예상치 못한 프로퍼티까지 포함될 수 있어 주의가 필요합니다. for...of는 이터러블의 값을 순회합니다. 실무에서는 배열은 for...of 또는 배열 메서드를 선호하는 편이 안전합니다.		for...in은 값, for...of는 키를 돈다	FALSE	for...in은 키, for...of는 값을 순회하는 편이다	TRUE	둘은 완전히 동일하게 동작한다	FALSE	for...of는 객체에서만 동작한다	FALSE	frontend	javascript		
Q153	TDZ(Temporal Dead Zone)		Frontend - JavaScript	12	OX	MEDIUM	let과 const도 호이스팅은 되지만, 선언 전에 접근하면 TDZ로 인해 ReferenceError가 날 수 있다. (O/X)	let/const는 “호이스팅이 아예 없다”가 아니라, 선언 정보가 먼저 등록되지만 초기화 전 접근이 금지됩니다. 이 금지 구간이 TDZ이며, 접근 시 ReferenceError가 발생할 수 있습니다. 면접에서 이 문장을 정확히 설명하면 ‘호이스팅 오해’를 바로잡을 수 있어 점수가 큽니다. 실무에서는 선언을 사용 지점보다 위로 올리고, 블록 스코프에서 선언 순서를 명확히 해 디버깅 비용을 줄입니다. 또한 var와 달리 undefined로 조용히 떨어지지 않는다는 차이를 기억해야 합니다.		O	TRUE	X	FALSE		FALSE		FALSE	frontend	javascript		
Q154	화살표 함수 this(Arrow this)		Frontend - JavaScript	12	OX	MEDIUM	화살표 함수는 자신만의 this를 만들지 않고, 바깥 스코프의 this를 캡처한다. (O/X)	화살표 함수는 호출 방식에 따라 this가 바뀌는 일반 함수와 달리, 정의된 렉시컬 환경의 this를 그대로 사용합니다. 그래서 콜백에서 this가 깨지는 문제를 줄이는 데 유리합니다. 다만 객체의 메서드를 화살표로 작성하면 의도치 않게 상위 this를 잡아버릴 수 있어 주의해야 합니다. 실무에서는 “콜백엔 화살표, 메서드엔 일반 함수” 같은 규칙을 팀 컨벤션으로 두기도 합니다. 면접에서는 arguments가 없고 new로 생성자 사용이 어렵다는 점까지 연결하면 더 좋습니다.		O	TRUE	X	FALSE		FALSE		FALSE	frontend	javascript		
Q155	이벤트 루프 우선순위(Event Loop Priority)		Frontend - JavaScript	12	OX	MEDIUM	Promise.then은 일반적으로 마이크로태스크 큐에서 처리되어 setTimeout 콜백보다 먼저 실행되는 경우가 많다. (O/X)	이벤트 루프에서는 마이크로태스크가 현재 콜스택이 비자마자 우선 처리되는 흐름이 일반적입니다. 그 다음에 매크로태스크(대표적으로 setTimeout)가 처리됩니다. 이 우선순위를 모르면 로그 출력 순서나 UI 갱신 타이밍을 헷갈리기 쉽습니다. 실무에서는 비동기 체인을 디버깅할 때 “어떤 큐로 들어가는지”를 판단하면 원인을 빨리 찾습니다. 면접에서는 간단한 출력 순서 예시를 들어 설명하면 설득력이 올라갑니다.		O	TRUE	X	FALSE		FALSE		FALSE	frontend	javascript		
Q156	Object.freeze		Frontend - JavaScript	12	OX	MEDIUM	Object.freeze는 중첩 객체까지 자동으로 깊게 동결하므로 내부 프로퍼티도 절대 변경할 수 없다. (O/X)	Object.freeze는 기본적으로 “얕은 동결”입니다. 즉 최상위 프로퍼티 변경은 막지만, 중첩 객체가 참조로 들어있는 경우 그 내부는 여전히 변경될 수 있습니다. 실무에서 불변성을 강하게 보장하려면 깊은 동결을 재귀로 구현하거나, 데이터 구조 자체를 평탄화하는 설계를 고민해야 합니다. 면접에서는 freeze의 한계를 정확히 말하는지가 포인트입니다. 또한 strict mode에서는 동결 객체 수정 시 에러가 더 빨리 드러날 수 있습니다.		O	FALSE	X	TRUE		FALSE		FALSE	frontend	javascript		
Q157	fetch 에러 처리(Fetch Error Handling)		Frontend - JavaScript	12	OX	MEDIUM	fetch는 HTTP 404 같은 응답이 와도 네트워크 실패가 아니면 Promise를 자동으로 reject하지 않는 경우가 많다. (O/X)	fetch는 요청이 “성공적으로 응답을 받았는지”와 “HTTP 상태 코드가 성공(2xx)인지”를 분리합니다. 그래서 404여도 Response 객체는 resolve로 오고, response.ok나 status를 확인해서 분기해야 합니다. 실무에서는 이 포인트를 놓치면 에러 처리 누락으로 장애가 생기기 쉽습니다. 면접에서도 axios와 비교하며 자주 나오는 질문입니다. 처리 패턴은 ok 체크 후 json 파싱, 아니면 에러 throw로 통일하는 식이 안정적입니다.		O	TRUE	X	FALSE		FALSE		FALSE	frontend	javascript		
Q158	for...in / for...of		Frontend - JavaScript	12	OX	MEDIUM	for...in은 이터러블의 값을 순회하고, for...of는 객체의 키를 순회한다. (O/X)	for...in은 주로 객체의 열거 가능한 “키”를 순회합니다. 반면 for...of는 이터러블 프로토콜을 따르는 컬렉션의 “값”을 순회합니다. 배열은 for...of로 값 순회가 자연스럽고, for...in을 배열에 쓰면 인덱스가 문자열로 나오거나 예기치 않은 프로퍼티가 포함될 수 있어 위험합니다. 실무에서는 배열엔 for...of 또는 map/filter 같은 메서드를 권장합니다. 면접에서는 이 두 반복문의 목적이 다르다는 점을 정확히 말해야 합니다.		O	FALSE	X	TRUE		FALSE		FALSE	frontend	javascript		
Q159	Array.sort 기본 동작(Default Sort)		Frontend - JavaScript	12	OX	MEDIUM	Array.sort는 비교 함수를 주지 않으면 숫자도 항상 수치 오름차순으로 정렬한다. (O/X)	sort의 기본 동작은 요소를 문자열로 변환한 뒤 사전식(lexicographic)으로 비교하는 것입니다. 그래서 [10,2] 같은 예시에서 기대와 다른 결과가 나올 수 있습니다. 실무에서는 숫자 정렬이면 (a,b)=>a-b 같은 비교 함수를 반드시 넣는 습관이 안전합니다. 면접에서는 이 함정을 알고 있는지를 자주 확인합니다. 또한 정렬은 원본 배열을 변경하므로 불변성이 필요한 곳에서는 복사 후 정렬해야 합니다.		O	FALSE	X	TRUE		FALSE		FALSE	frontend	javascript		
Q160	Array.map		Frontend - JavaScript	12	OX	MEDIUM	Array.map은 원본 배열을 변경(mutation)하지 않고 새 배열을 반환하는 경우가 일반적이다. (O/X)	map은 각 요소를 변환해 새 배열을 만들기 위한 메서드입니다. 원본 배열을 직접 변경하지 않는 것이 보통의 기대 동작이므로, 상태 관리나 데이터 변환 파이프라인에서 자주 쓰입니다. 다만 콜백 안에서 원본 객체의 내부 값을 바꾸면 “겉으로는 새 배열이지만 내부 객체는 바뀐” 상태가 될 수 있어 주의해야 합니다. 실무에서는 불변 업데이트 원칙을 지키려면 깊은 구조까지 신경 써야 합니다. 면접에서는 map과 forEach의 차이를 명확히 말할 수 있어야 합니다.		O	TRUE	X	FALSE		FALSE		FALSE	frontend	javascript		
Q161	const와 참조(Const Reference)		Frontend - JavaScript	12	OX	MEDIUM	const로 선언한 객체는 내부 프로퍼티도 절대 수정할 수 없다. (O/X)	const는 “재할당”을 막습니다. 즉 변수에 바인딩된 참조를 다른 것으로 바꾸지 못하게 할 뿐, 그 참조가 가리키는 객체 내부는 변경될 수 있습니다. 그래서 const obj = {} 후 obj.a = 1 같은 변경이 가능합니다. 실무에서 진짜 불변을 원하면 Object.freeze 같은 동결이나, 불변 업데이트 패턴을 사용해야 합니다. 면접에서는 재할당과 내부 변경을 구분할 수 있는지가 핵심입니다.		O	FALSE	X	TRUE		FALSE		FALSE	frontend	javascript		
Q162	value === undefined)를 선호하는 팀도 많습니다. 면접에서는 이 패턴이 “0이나 빈 문자열”을 걸러내지 않는다는 점을 함께 언급하면 좋습니다. 의도를 설명할 수 있는지가 중요합니다.		Frontend - JavaScript	12	OX	MEDIUM	value == null 은 value가 null 또는 undefined인지 함께 검사하는 패턴으로 쓰일 수 있다. (O/X)	느슨한 비교에서는 null과 undefined가 서로 같다고 평가되는 특성이 있습니다. 그래서 value == null 은 두 값(null/undefined)을 한 번에 체크하려는 의도로 사용됩니다. 실무에서는 가독성과 팀 규칙을 고려해 명시 비교(value === null		null 체크 패턴(Null Check Pattern)	12	O	TRUE	X	FALSE		FALSE	frontend	javascript		
Q163	비동기 예외 처리(Async Error Handling)		Frontend - JavaScript	12	OX	MEDIUM	try/catch는 setTimeout 콜백 내부에서 발생한 예외까지 바깥에서 항상 잡을 수 있다. (O/X)	try/catch는 같은 동기 호출 스택 안에서 발생한 예외를 잡는 데 강합니다. setTimeout 콜백은 나중에 다른 시점(다른 태스크)에서 실행되므로, 바깥 try/catch로는 잡히지 않는 경우가 많습니다. 실무에서는 비동기 에러 처리를 위해 Promise 체인(catch)이나 async/await의 try/catch를 사용합니다. 면접에서는 동기/비동기 에러 처리 차이를 예시로 설명할 수 있어야 합니다. 전역 에러 핸들러(window.onerror 등)까지 확장 질문이 나오기도 합니다.		O	FALSE	X	TRUE		FALSE		FALSE	frontend	javascript		
Q164	JSON 순환 참조(Circular JSON)		Frontend - JavaScript	12	OX	MEDIUM	JSON.stringify는 순환 참조 객체를 처리할 때 보통 TypeError를 발생시킬 수 있다. (O/X)	순환 참조(circular reference)가 있는 객체는 JSON으로 직렬화할 수 없어 에러가 발생하는 것이 일반적입니다. 실무에서는 순환 구조를 끊거나, replacer 함수를 쓰거나, 전용 직렬화 라이브러리를 사용합니다. 면접에서는 JSON 방식 깊은 복사의 한계(순환 참조, Date/Map/Set/함수 등)를 함께 말하면 좋습니다. 이 이슈를 알면 디버깅 시간을 크게 줄일 수 있습니다. 안정적인 데이터 구조 설계도 함께 중요합니다.		O	TRUE	X	FALSE		FALSE		FALSE	frontend	javascript		
Q165	Object.keys		Frontend - JavaScript	12	OX	MEDIUM	Object.keys는 프로토타입 체인의 키까지 포함해 반환한다. (O/X)	Object.keys는 객체 “자신의” enumerable 프로퍼티 키만 반환합니다. 프로토타입 체인에 있는 키는 포함되지 않습니다. 실무에서는 for...in과 결과가 달라 혼동할 수 있으니, 목적(own keys만 필요 vs 상속까지 포함)이 무엇인지에 따라 API를 선택해야 합니다. 면접에서는 in 연산자, hasOwnProperty와 함께 차이를 묶어서 묻는 경우가 많습니다. 정확히 구분하면 점수를 얻기 쉽습니다.		O	FALSE	X	TRUE		FALSE		FALSE	frontend	javascript		
Q166	in 연산자(In Operator)		Frontend - JavaScript	12	OX	MEDIUM	in 연산자는 객체 자신뿐 아니라 프로토타입 체인에 존재하는 프로퍼티도 포함해 존재 여부를 검사한다. (O/X)	in 연산자는 “프로퍼티가 어디에 있든” 체인 상에 존재하면 true가 됩니다. 반면 hasOwnProperty는 객체 자신이 직접 가진 프로퍼티만 확인합니다. 실무에서는 보안이나 데이터 검증 관점에서 상속 프로퍼티를 잘못 참으로 판단하지 않도록 주의해야 합니다. 면접에서는 프로토타입 체인을 이해하는지 확인하는 대표 질문입니다. 또한 객체를 딕셔너리처럼 쓸 때 Object.create(null) 같은 패턴이 나오는 이유와 연결되기도 합니다.		O	TRUE	X	FALSE		FALSE		FALSE	frontend	javascript		
Q167	Promise.all		Frontend - JavaScript	12	OX	MEDIUM	Promise.all은 하나라도 reject되면 전체가 즉시 reject될 수 있다. (O/X)	Promise.all은 “모두 성공해야 성공”하는 성격이라 하나라도 실패하면 전체가 reject될 수 있습니다. 실무에서는 병렬 요청 묶을 때 많이 쓰지만, 일부 실패를 허용해야 하면 allSettled로 대체하거나 개별 에러를 내부에서 처리하는 전략이 필요합니다. 면접에서는 all과 allSettled의 차이를 함께 물어보는 경우가 많습니다. 에러 처리 정책을 말할 수 있으면 실무 감각이 좋아 보입니다. 결과 순서는 입력 순서를 따른다는 점도 함께 알아두면 좋습니다.		O	TRUE	X	FALSE		FALSE		FALSE	frontend	javascript		
Q168	Promise.race		Frontend - JavaScript	12	OX	MEDIUM	Promise.race는 가장 먼저 fulfilled된 Promise의 값만 반환하고, reject는 무시한다. (O/X)	Promise.race는 “가장 먼저 settled(fulfilled 또는 rejected)된 것”으로 결정됩니다. 즉 가장 빨리 실패하면 reject로 끝날 수 있습니다. 실무에서는 타임아웃 구현에 자주 쓰는데, 타임아웃 Promise가 먼저 reject되게 만들어 요청을 끊는 패턴이 대표적입니다. 면접에서는 race와 any의 차이까지 확장될 수 있습니다. 따라서 “reject를 무시한다”는 설명은 틀립니다.		O	FALSE	X	TRUE		FALSE		FALSE	frontend	javascript		
Q169	디바운스 vs 쓰로틀(Debounce, Throttle)		Frontend - JavaScript	12	OX	MEDIUM	디바운스는 이벤트가 계속 발생하면 일정 간격마다 실행되게 제한하는 기법이다. (O/X)	디바운스는 “마지막 이벤트 이후 일정 시간”이 지나야 한 번 실행되는 패턴입니다. 반면 일정 간격마다 최대 1회 실행되게 제한하는 것은 쓰로틀입니다. 실무에서는 검색창 입력에는 디바운스, 스크롤/리사이즈에는 쓰로틀이 자주 선택됩니다. 면접에서는 두 개의 차이를 UX 관점으로 설명할 수 있으면 좋습니다. 또한 서버 호출 비용을 줄이는 최적화 포인트로 자주 나옵니다.		O	FALSE	X	TRUE		FALSE		FALSE	frontend	javascript		
Q170	Array.some		Frontend - JavaScript	12	OX	MEDIUM	Array.some은 하나라도 조건을 만족하면 true를 반환하고, 만족하는 순간 순회를 멈출 수 있다. (O/X)	some은 “하나라도 참이면 참”을 위한 메서드입니다. 조건을 만족하는 요소를 찾으면 더 볼 필요가 없기 때문에 중간에 종료될 수 있습니다. 실무에서는 유효성 검사, 특정 상태 존재 여부 체크에 자주 사용되며, 불필요한 반복을 줄이는 데도 도움이 됩니다. 면접에서는 every와의 차이를 비교로 묻는 경우가 많습니다. 또한 find는 조건을 만족하는 실제 요소를 반환한다는 점까지 연결하면 좋습니다.		O	TRUE	X	FALSE		FALSE		FALSE	frontend	javascript		
Q171	addEventListener once		Frontend - JavaScript	12	OX	MEDIUM	addEventListener 옵션 once:true를 사용하면 리스너는 한 번 실행된 후 자동으로 제거된다. (O/X)	once:true는 이벤트를 한 번만 처리하고 자동으로 리스너를 제거합니다. 실무에서는 일회성 버튼 클릭, 최초 로딩 이벤트 처리 등에 유용하며, removeEventListener 누락으로 인한 메모리 문제를 줄이는 데도 도움이 됩니다. 면접에서는 capture, passive, once 같은 옵션을 아는지 확인하는 질문이 나옵니다. 옵션을 객체로 넘긴다는 점도 같이 기억하면 좋습니다. 특히 스크롤 성능과 관련된 passive까지 확장될 수 있습니다.		O	TRUE	X	FALSE		FALSE		FALSE	frontend	javascript		
Q172	Array.reduce 초기값(Reduce Initial Value)		Frontend - JavaScript	12	OX	MEDIUM	Array.reduce는 초기값을 생략해도 항상 안전하며 타입 관련 버그가 발생하지 않는다. (O/X)	reduce는 초기값을 생략할 수 있지만, 배열이 비어 있거나 누적값 타입이 예상과 달라지면 런타임 에러나 버그가 생길 수 있습니다. 실무에서는 누적값의 타입을 명확히 하려고 초기값을 명시하는 습관이 안전합니다. 특히 객체로 누적하거나 그룹핑할 때는 {} 같은 초기값이 필수인 경우가 많습니다. 면접에서는 reduce의 강력함과 함께 초기값 중요성을 말하면 좋은 평가를 받습니다. 성능보다 안정성과 가독성 측면의 판단도 중요합니다.		O	FALSE	X	TRUE		FALSE		FALSE	frontend	javascript		
Q173	호이스팅		Frontend - JavaScript	12	INITIALS	MEDIUM	선언이 코드 상단으로 끌어올려진 것처럼 보이는 현상은 무엇일까요?	호이스팅은 변수나 함수 선언이 실행 전에 환경에 등록되어 위로 올라간 것처럼 보이는 현상입니다. 함수 선언문과 var 그리고 let const의 차이를 함께 설명할 수 있어야 면접에서 점수를 얻습니다. 실무에서는 선언과 초기화 시점을 명확히 두면 디버깅이 쉬워집니다	호이스팅									frontend	javascript		
Q174	스코프		Frontend - JavaScript	12	INITIALS	MEDIUM	변수와 함수가 유효한 범위를 의미하는 용어는 무엇일까요?	스코프는 식별자가 어디에서 접근 가능한지를 결정하는 규칙입니다. var의 함수 스코프와 let const의 블록 스코프 차이는 단골 질문입니다. 실무에서는 스코프를 잘못 이해하면 전역 오염이나 의도치 않은 값 공유가 발생합니다	스코프									frontend	javascript		
Q175	클로저		Frontend - JavaScript	12	INITIALS	MEDIUM	외부 함수 실행이 끝나도 내부 함수가 바깥 변수를 참조하는 특성은 무엇일까요?	클로저는 내부 함수가 외부 스코프의 변수를 계속 참조할 수 있는 구조입니다. 캡슐화 구현이나 콜백 비동기에서 자주 등장합니다. 실무에서는 큰 객체를 참조한 클로저가 오래 유지되면 메모리 이슈가 될 수 있어 정리 전략이 중요합니다	클로저									frontend	javascript		
Q176	실행 컨텍스트		Frontend - JavaScript	12	INITIALS	MEDIUM	코드 실행에 필요한 환경 정보가 관리되는 개념은 무엇일까요?	실행 컨텍스트는 스코프 정보, this 바인딩, 선언 정보 등을 관리하는 실행 환경입니다. 호이스팅이 왜 발생하는지 설명할 때 연결하면 좋습니다. 실무에서는 스코프와 클로저와 this 문제를 추적하는 기본 단위라서 디버깅에 유용합니다	실행 컨텍스트									frontend	javascript		
Q177	프로토타입		Frontend - JavaScript	12	INITIALS	MEDIUM	객체가 다른 객체의 속성과 메서드를 물려받는 기반 메커니즘은 무엇일까요?	프로토타입은 자바스크립트의 상속과 공유 메서드 동작의 기반입니다. 클래스 문법도 내부적으로 프로토타입을 사용합니다. 실무에서는 같은 이름의 프로퍼티가 어디에 정의돼 있는지 추적할 때 중요합니다	프로토타입									frontend	javascript		
Q178	프로토타입 체인		Frontend - JavaScript	12	INITIALS	MEDIUM	객체에 없는 프로퍼티를 찾기 위해 상위로 탐색하는 연결 구조는 무엇일까요?	프로토타입 체인은 현재 객체에 없으면 상위 프로토타입으로 올라가며 탐색하는 구조입니다. in 연산자나 hasOwnProperty 차이 설명에도 연결됩니다. 실무에서는 라이브러리 객체의 동작 원인을 파악할 때 체인 구조를 이해하면 빠르게 디버깅할 수 있습니다	프로토타입 체인									frontend	javascript		
Q179	이벤트 루프		Frontend - JavaScript	12	INITIALS	MEDIUM	비동기 작업과 콜스택 큐를 조율해 실행 순서를 관리하는 개념은 무엇일까요?	이벤트 루프는 콜스택과 태스크 큐 마이크로태스크 큐 등을 보고 실행 순서를 결정합니다. Promise then이 setTimeout보다 먼저 처리되는 경우가 많다는 우선순위가 단골 질문입니다. 실무에서는 로그 순서가 왜 그렇게 찍히는지 설명할 수 있어야 합니다	이벤트 루프									frontend	javascript		
Q180	프로미스		Frontend - JavaScript	12	INITIALS	MEDIUM	비동기 결과를 성공 또는 실패 상태로 표현하는 객체는 무엇일까요?	프로미스는 pending에서 시작해 fulfilled 또는 rejected로 한 번만 상태가 전이됩니다. then catch finally로 체이닝하며 에러 전파 흐름을 이해하는 것이 중요합니다. 실무에서는 fetch와 함께 사용되고 예외 처리를 통일하면 유지보수가 쉬워집니다	프로미스									frontend	javascript		
Q181	콜백		Frontend - JavaScript	12	INITIALS	MEDIUM	다른 함수에 인자로 전달되어 나중에 실행되는 함수를 무엇이라고 할까요?	콜백은 특정 시점에 호출되도록 넘기는 함수입니다. 이벤트 처리나 비동기 작업에서 흔히 쓰입니다. 실무에서는 콜백 지옥을 피하기 위해 Promise나 async await로 구조를 개선하기도 합니다	콜백									frontend	javascript		
Q182	비동기 처리		Frontend - JavaScript	12	INITIALS	MEDIUM	작업이 끝나기를 기다리지 않고 다음 코드를 진행하는 처리 방식은 무엇일까요?	비동기 처리는 작업 완료를 기다리지 않고 나중에 결과를 처리하는 방식입니다. 이벤트 루프와 큐의 동작을 함께 이해해야 합니다. 실무에서는 네트워크 호출과 UI 응답성을 위해 필수이며 에러 처리 흐름을 명확히 설계해야 합니다	비동기 처리									frontend	javascript		
Q183	타입 강제 변환		Frontend - JavaScript	12	INITIALS	MEDIUM	비교나 연산 과정에서 자동으로 타입이 변환되는 현상은 무엇일까요?	타입 강제 변환은 느슨한 비교나 연산에서 값이 자동으로 다른 타입으로 바뀌는 현상입니다. 0과 false가 == 비교에서 같아질 수 있는 이유와 연결됩니다. 실무에서는 예상치 못한 버그를 막기 위해 === 사용과 명시 변환을 습관화하는 것이 좋습니다	타입 강제 변환									frontend	javascript		
Q184	엄격 모드		Frontend - JavaScript	12	INITIALS	MEDIUM	더 엄격한 규칙을 적용해 잠재 버그를 줄이는 자바스크립트 모드는 무엇일까요?	엄격 모드는 선언 없는 변수 할당 금지 등 더 엄격한 규칙을 적용합니다. 일반 함수 호출 시 this가 undefined가 될 수 있는 등 동작 차이도 있습니다. 실무에서는 모듈은 기본적으로 엄격 모드로 동작하는 점까지 알고 있으면 좋습니다	엄격 모드									frontend	javascript		
Q185	얕은 복사		Frontend - JavaScript	12	INITIALS	MEDIUM	1단계까지만 복사되고 중첩 객체는 참조가 공유될 수 있는 복사 방식은 무엇일까요?	얕은 복사는 최상위만 새로 만들고 중첩 참조는 공유될 수 있습니다. 전개 문법이나 Object.assign이 대표적입니다. 실무에서는 중첩 상태 업데이트에서 얕은 복사만 쓰면 예상치 못한 동시 변경이 생길 수 있어 주의해야 합니다	얕은 복사									frontend	javascript		
Q186	깊은 복사		Frontend - JavaScript	12	INITIALS	MEDIUM	중첩 구조까지 새로 복사해 참조 공유를 줄이는 복사 방식은 무엇일까요?	깊은 복사는 중첩 객체까지 새로 만들어 참조 공유를 최소화합니다. JSON 방식은 순환 참조나 Date Map Set 함수에서 한계가 있습니다. 실무에서는 structuredClone 지원 여부나 라이브러리 사용 그리고 데이터 구조 설계를 함께 고려합니다	깊은 복사									frontend	javascript		
Q187	구조 분해 할당		Frontend - JavaScript	12	INITIALS	MEDIUM	객체나 배열에서 원하는 값을 간결하게 꺼내는 문법은 무엇일까요?	구조 분해 할당은 객체의 키 또는 배열의 위치를 기준으로 값을 추출합니다. 기본값과 별칭을 함께 쓰면 옵션 객체 처리에 특히 유용합니다. 실무에서는 가독성을 올리지만 null undefined 방어가 필요할 때도 있어 주의합니다	구조 분해 할당									frontend	javascript		
Q188	전개 문법		Frontend - JavaScript	12	INITIALS	MEDIUM	배열이나 객체를 펼쳐서 복사 또는 병합할 때 쓰는 문법은 무엇일까요?	전개 문법은 배열 요소나 객체 프로퍼티를 펼쳐 새 배열이나 새 객체를 만듭니다. 얕은 복사라 중첩 참조는 공유될 수 있다는 점이 중요합니다. 실무에서는 불변 업데이트에 자주 쓰지만 덮어쓰기 순서도 함께 신경 써야 합니다	전개 문법									frontend	javascript		
Q189	이벤트 위임		Frontend - JavaScript	12	INITIALS	MEDIUM	상위 요소에 리스너 하나로 하위 동적 요소 이벤트를 처리하는 패턴은 무엇일까요?	이벤트 위임은 버블링을 이용해 상위에서 하위 이벤트를 처리하는 패턴입니다. 리스너 수를 줄이고 동적으로 추가된 요소도 처리하기 쉬운 장점이 있습니다. 실무에서는 event.target과 closest를 함께 써서 실제 대상 판별을 정확히 해야 합니다	이벤트 위임									frontend	javascript		
Q190	디바운스		Frontend - JavaScript	12	INITIALS	MEDIUM	연속 이벤트에서 마지막 입력 이후 한 번만 실행되게 하는 최적화 기법은 무엇일까요?	디바운스는 마지막 이벤트 이후 일정 시간이 지나면 한 번만 실행되게 합니다. 검색 입력 자동완성이나 리사이즈 처리에서 서버 호출을 줄이는 데 유용합니다. 실무에서는 쓰로틀과 차이를 목적 중심으로 선택하는 것이 중요합니다	디바운스									frontend	javascript		
Q191	옵셔널 체이닝		Frontend - JavaScript	12	INITIALS	MEDIUM	null 또는 undefined일 때 안전하게 접근하도록 돕는 문법은 무엇일까요?	옵셔널 체이닝은 값이 null 또는 undefined이면 더 깊은 접근을 멈추고 undefined를 반환해 예외를 줄입니다. 논리 AND 체이닝보다 가독성이 좋고 API 응답 파싱에 특히 유용합니다. 실무에서는 널 병합 연산자와 조합해 기본값 처리까지 깔끔하게 구성할 수 있습니다	옵셔널 체이닝									frontend	javascript